Data,Hora UTC,"PRECIPITAÇÃO TOTAL, HORÁRIO (mm)","PRESSAO ATMOSFERICA AO NIVEL DA ESTACAO, HORARIA (mB)",PRESSÃO ATMOSFERICA MAX.NA HORA ANT. (AUT) (mB),PRESSÃO ATMOSFERICA MIN. NA HORA ANT. (AUT) (mB),RADIACAO GLOBAL (Kj/m²),"TEMPERATURA DO AR - BULBO SECO, HORARIA (°C)",TEMPERATURA DO PONTO DE ORVALHO (°C),TEMPERATURA MÁXIMA NA HORA ANT. (AUT) (°C),TEMPERATURA MÍNIMA NA HORA ANT. (AUT) (°C),TEMPERATURA ORVALHO MAX. NA HORA ANT. (AUT) (°C),TEMPERATURA ORVALHO MIN. NA HORA ANT. (AUT) (°C),UMIDADE REL. MAX. NA HORA ANT. (AUT) (%),UMIDADE REL. MIN. NA HORA ANT. (AUT) (%),"UMIDADE RELATIVA DO AR, HORARIA (%)","VENTO, DIREÇÃO HORARIA (gr) (° (gr))","VENTO, RAJADA MAXIMA (m/s)","VENTO, VELOCIDADE HORARIA (m/s)"
2025/01/01,0000 UTC,0,"1005,4","1005,4","1004,4",,"23,4","22,4","23,7","23,4","22,6","22,4",94,93,94,251,0,0
2025/01/01,0100 UTC,0,"1005,7","1005,7","1005,4",,"23,4","22,4","23,4","23,3","22,5","22,4",94,94,94,100,0,0
2025/01/01,0200 UTC,0,"1005,9","1005,9","1005,6",,"23,4","22,4","23,5","23,4","22,6","22,4",95,94,94,226,0,0
2025/01/01,0300 UTC,0,"1005,4",1006,"1005,4",,"23,5","22,5","23,6","23,4","22,7","22,4",95,94,95,360,0,0
2025/01/01,0400 UTC,0,"1004,9","1005,4","1004,9",,"23,4","22,5","23,5","23,4","22,6","22,5",95,95,95,254,0,0
2025/01/01,0500 UTC,0,"1004,4","1004,9","1004,4",,"23,2","22,4","23,4","23,1","22,5","22,3",95,95,95,186,0,0
2025/01/01,0600 UTC,0,"1004,4","1004,4","1004,4",,23,"22,1","23,2","22,9","22,4","22,1",95,95,95,141,0,0
2025/01/01,0700 UTC,0,"1004,2","1004,6","1004,2",,"23,2","22,3","23,2","22,9","22,4","22,1",95,95,95,129,0,0
2025/01/01,0800 UTC,0,"1003,9","1004,2","1003,9",,"22,7","21,9","23,2","22,7","22,4","21,9",95,95,95,293,0,0
2025/01/01,0900 UTC,0,"1004,4","1004,4","1003,9",,"22,5","21,7","22,7","22,5","21,9","21,7",95,95,95,192,0,0
2025/01/01,1000 UTC,0,"1005,2","1005,2","1004,4",53,"23,1","22,4","23,1","22,5","22,4","21,7",96,95,96,153,0,0
2025/01/01,1100 UTC,0,"1005,7","1005,7","1005,2","668,6","25,5","24,7","25,5","23,1","24,7","22,4",96,95,95,152,0,0
2025/01/01,1200 UTC,0,1006,"1006,1","1005,7","1473,3","27,4","25,4","27,4","25,5","25,6","24,6",95,89,89,99,0,0
2025/01/01,1300 UTC,0,"1006,2","1006,3",1006,"1741,8","28,6","24,5","28,9","27,4","25,8","24,3",89,78,79,39,"5,8","0,2"
2025/01/01,1400 UTC,0,"1006,1","1006,2",1006,"1868,9","29,9","24,3","30,2","28,5","24,9","23,8",79,71,72,35,"5,2","0,7"
2025/01/01,1500 UTC,0,"1005,4","1006,1","1005,4","2064,8","30,6","24,1","31,3","29,8","24,7","23,2",72,63,68,77,7,"0,4"
2025/01/01,1600 UTC,0,"1004,5","1005,4","1004,5","1570,9","30,8","24,4","31,6","30,5","24,9","22,8",71,62,69,107,"5,6","0,4"
2025/01/01,1700 UTC,0,"1003,4","1004,5","1003,4","2711,2","33,4","22,5","33,4","30,8","24,8","21,6",69,51,53,59,"7,6",1
2025/01/01,1800 UTC,0,"1002,4","1003,4","1002,4","2434,8","33,7","21,5","33,9","32,8","22,7","21,2",54,49,49,66,"8,4","1,2"
2025/01/01,1900 UTC,0,"1001,9","1002,6","1001,9","1042,7","32,1","22,5","33,7","31,4",24,"21,1",64,48,57,32,8,"1,6"
2025/01/01,2000 UTC,"0,2","1001,9",1002,"1001,7",878,"31,4","23,2","32,5","30,8","23,5","22,5",65,57,62,25,"7,3","0,5"
2025/01/01,2100 UTC,0,"1002,1","1002,1","1001,7","404,8","30,5","22,4","31,6","30,5","23,6","22,3",63,60,62,33,"8,5","3,6"
2025/01/01,2200 UTC,0,"1002,8",1003,"1002,1","5,6","29,2","22,4","30,5","29,2","22,6","22,3",67,62,67,28,"8,5","1,4"
2025/01/01,2300 UTC,0,"1003,4","1003,4","1002,7",,"28,1","23,4","29,2",28,"23,4","22,4",76,67,76,26,"6,7","2,4"
2025/01/02,0000 UTC,0,"1004,4","1004,4","1003,4",,"27,5","23,8","28,1","27,5","23,8","23,4",80,76,80,32,"5,7",0
2025/01/02,0100 UTC,0,"1004,7","1004,8","1004,4",,"27,1",24,"27,5","27,1",24,"23,8",83,80,83,30,0,0
2025/01/02,0200 UTC,0,"1004,9",1005,"1004,7",,"26,6",24,"27,1","26,6","24,1",24,86,83,86,25,0,0
2025/01/02,0300 UTC,0,1005,"1005,1","1004,9",,"26,3","24,1","26,6","26,3","24,1",24,87,86,87,42,0,0
2025/01/02,0400 UTC,0,"1004,7","1005,1","1004,7",,"26,1",24,"26,3","26,1","24,1",24,88,87,88,9,0,0
2025/01/02,0500 UTC,0,"1004,1","1004,8","1004,1",,"25,8","23,9","26,1","25,8",24,"23,9",90,88,90,30,0,0
2025/01/02,0600 UTC,0,1004,"1004,1","1003,9",,"25,3","23,8","25,8","25,3","23,9","23,7",91,90,91,137,0,0
2025/01/02,0700 UTC,0,"1003,6",1004,"1003,6",,"24,9","23,6","25,3","24,9","23,8","23,6",92,91,92,107,0,0
2025/01/02,0800 UTC,0,"1003,8","1003,8","1003,6",,"24,5","23,3","24,9","24,4","23,7","23,3",93,92,93,118,0,0
2025/01/02,0900 UTC,0,"1004,2","1004,2","1003,8",,"24,6","23,5","24,7","24,5","23,6","23,3",94,93,93,90,0,0
2025/01/02,1000 UTC,0,"1005,1","1005,1","1004,2","55,2","24,7","23,6","24,9","24,6","23,7","23,5",94,93,94,153,0,0
2025/01/02,1100 UTC,0,"1005,7","1005,7","1005,1","421,7","26,1","24,9","26,1","24,7","24,9","23,6",94,93,93,132,0,0
2025/01/02,1200 UTC,0,1006,1006,"1005,7",1431,"28,2","24,2","28,3","26,1","25,4","24,1",93,79,79,48,"5,9","1,9"
2025/01/02,1300 UTC,0,"1006,2","1006,3","1005,9","1626,9","29,3","23,5","29,4","28,2","24,6","23,4",80,71,71,51,"8,3","2,4"
2025/01/02,1400 UTC,0,1006,"1006,2",1006,"1971,9",31,"23,1","31,1","29,3","24,2","23,1",73,63,63,68,"8,1","2,3"
2025/01/02,1500 UTC,0,"1005,6","1006,1","1005,6","2262,9","31,5","22,6","32,4","30,7","24,4","22,3",65,57,59,39,"8,1","2,7"
2025/01/02,1600 UTC,0,"1004,7","1005,6","1004,7","2356,7",33,"22,5",33,"31,5","23,5","21,7",60,53,54,80,"8,1","1,6"
2025/01/02,1700 UTC,0,"1003,7","1004,7","1003,7","2444,8","33,3",23,"33,8","32,5","23,1","21,8",56,50,55,47,"9,2","1,9"
2025/01/02,1800 UTC,0,"1002,5","1003,7","1002,4","2099,1",34,"22,8",34,"32,7","23,3","21,4",55,50,52,54,"9,2","2,3"
2025/01/02,1900 UTC,0,"1001,9","1002,5","1001,8","1581,3","32,7","21,8","34,2","32,6","22,8","21,1",54,47,53,41,9,"2,7"
2025/01/02,2000 UTC,0,"1001,8",1002,"1001,7","1030,8","32,2","22,1","32,8","32,2","22,7","21,6",56,52,55,35,"8,4","3,2"
2025/01/02,2100 UTC,0,1002,1002,"1001,7","152,4","30,7","22,4","32,2","30,7","22,4","21,9",61,54,61,32,"7,7","2,2"
2025/01/02,2200 UTC,0,"1002,8","1002,8",1002,"17,8","29,5","22,6","30,7","29,5","22,6","22,2",66,61,66,28,"7,4",3
2025/01/02,2300 UTC,0,"1003,7","1003,7","1002,9",,"28,5","22,7","29,5","28,5","22,8","22,6",71,66,71,30,"7,5","3,5"
2025/01/03,0000 UTC,0,"1004,3","1004,4","1003,7",,"27,8",23,"28,6","27,8",23,"22,8",75,71,75,26,"7,5",0
2025/01/03,0100 UTC,0,"1004,9",1005,"1004,2",,"27,2","23,4","27,8","27,2","23,4",23,80,75,80,32,"4,6",0
2025/01/03,0200 UTC,0,"1005,2","1005,3","1004,9",,"26,8","23,8","27,2","26,8","23,8","23,3",84,80,84,31,"2,7",0
2025/01/03,0300 UTC,0,"1005,3","1005,3","1005,1",,"26,5","23,9","26,8","26,5",24,"23,8",86,84,86,34,0,0
2025/01/03,0400 UTC,0,"1004,8","1005,3","1004,8",,"26,1",24,"26,5","26,1",24,"23,9",88,86,88,29,0,0
2025/01/03,0500 UTC,0,"1003,9","1004,8","1003,9",,"25,9",24,"26,2","25,9",24,"23,9",89,88,89,28,0,0
2025/01/03,0600 UTC,0,"1003,5","1003,9","1003,4",,"25,9","24,1",26,"25,8","24,1",24,90,89,90,19,"3,7","0,1"
2025/01/03,0700 UTC,0,"1003,5","1003,6","1003,5",,"25,7","23,9","25,9","25,7","24,1","23,9",90,90,90,11,"3,7",0
2025/01/03,0800 UTC,0,"1003,8","1003,8","1003,5",,"25,3","23,7","25,7","25,3","23,9","23,7",91,90,91,18,0,0
2025/01/03,0900 UTC,0,"1004,3","1004,3","1003,8",,25,"23,7","25,3","24,8","23,7","23,4",93,91,93,77,0,0
2025/01/03,1000 UTC,0,1005,1005,"1004,3","57,7",25,"23,8",25,"24,7","23,8","23,4",93,92,93,147,2,0
2025/01/03,1100 UTC,0,"1005,9","1005,9",1005,"428,2","26,2","24,7","26,2",25,"24,8","23,8",93,92,92,128,0,0
2025/01/03,1200 UTC,0,"1006,5","1006,5","1005,9","1086,7","28,1","24,5","28,2","26,2","25,4","24,5",92,81,81,53,"3,4","0,1"
2025/01/03,1300 UTC,0,"1006,7","1006,8","1006,5",1493,"29,4","24,5","29,4","28,1","24,9","24,2",82,74,75,55,"5,5","0,6"
2025/01/03,1400 UTC,0,"1006,5","1006,8","1006,5",1748,"30,6","24,8","30,6","29,4",25,"23,7",75,69,71,64,"6,9","0,3"
2025/01/03,1500 UTC,0,"1005,8","1006,5","1005,8","2000,9","30,9","23,5","31,5","30,1","25,2","23,5",71,64,64,32,"5,2",0
2025/01/03,1600 UTC,0,"1004,7","1005,8","1004,7","2125,6","31,8","23,8","32,4","30,8","24,6","23,4",67,60,63,26,"5,4",0
2025/01/03,1700 UTC,0,"1003,7","1004,7","1003,7","2377,2","32,3","23,2","33,3","31,8","24,3","22,3",64,55,59,17,"6,6","0,5"
2025/01/03,1800 UTC,0,1003,"1003,7","1002,9","1353,7","31,4","24,8","33,3","31,4","25,1","22,6",69,54,68,266,"6,6",0
2025/01/03,1900 UTC,0,"1003,1","1003,3","1002,8","165,5","27,1","24,1","31,4","27,1","25,1","22,9",85,68,84,219,"8,4","0,1"
2025/01/03,2000 UTC,0,1004,1004,"1002,8","72,3","26,2",24,27,"26,1","24,1","23,6",88,82,88,200,"8,2","0,5"
2025/01/03,2100 UTC,19,"1004,4","1004,6","1003,7","7,4","23,2",22,"26,2","22,4","23,6",21,93,84,93,246,"10,4",0
2025/01/03,2200 UTC,"0,4","1003,7","1004,4","1003,3",,"24,3","22,9","24,4","23,1",23,"21,9",93,92,92,14,0,0
2025/01/03,2300 UTC,0,"1005,4","1005,4","1003,7",,"24,1","22,9","24,3",24,"22,9","22,8",93,92,93,162,0,0
2025/01/04,0000 UTC,0,"1005,3","1005,5","1005,2",,"24,3","23,2","24,3","24,1","23,3",23,94,93,94,136,0,0
2025/01/04,0100 UTC,0,1005,"1005,4",1005,,"24,3","23,2","24,3","24,1","23,2",23,94,94,94,67,0,0
2025/01/04,0200 UTC,0,"1005,2","1005,2",1005,,"24,5","23,4","24,6","24,3","23,5","23,2",94,93,94,335,0,0
2025/01/04,0300 UTC,0,"1005,2","1005,4","1005,2",,"24,4","23,4","24,5","24,1","23,4","23,1",94,94,94,21,0,0
2025/01/04,0400 UTC,0,"1004,7","1005,2","1004,7",,"25,4","24,2","25,4","24,4","24,2","23,4",94,93,93,59,0,0
2025/01/04,0500 UTC,0,"1004,4","1004,8","1004,4",,"25,8","24,4","25,8","25,4","24,4","24,2",93,92,92,48,"4,5",0
2025/01/04,0600 UTC,0,"1003,9","1004,4","1003,9",,"25,7","24,3","25,8","25,6","24,4","24,2",92,92,92,59,0,0
2025/01/04,0700 UTC,0,1004,"1004,2","1003,8",,"25,5","24,1","25,7","25,5","24,3","24,1",92,92,92,32,0,0
2025/01/04,0800 UTC,0,"1003,7","1004,1","1003,7",,"25,1","23,8","25,5","25,1","24,1","23,8",93,92,93,256,0,0
2025/01/04,0900 UTC,0,"1003,8","1003,8","1003,6",,"24,3","23,2","25,1","24,3","23,7","23,2",94,93,94,223,0,0
2025/01/04,1000 UTC,0,"1004,5","1004,5","1003,8","113,3","24,3","23,3","24,3","23,9","23,3","22,9",94,94,94,191,0,0
2025/01/04,1100 UTC,0,"1005,4","1005,4","1004,5","599,5","25,6","24,4","25,6","24,3","24,5","23,3",94,93,93,182,0,0
2025/01/04,1200 UTC,0,"1005,8","1005,8","1005,3","839,2","27,2","25,4","27,2","25,6","25,4","24,4",93,90,90,27,0,0
2025/01/04,1300 UTC,0,1006,"1006,3","1005,8","1784,5","29,3","24,7","29,4","27,2","25,9","24,2",91,75,76,47,"6,2","0,4"
2025/01/04,1400 UTC,"0,6","1005,9","1006,1","1005,8",1189,"27,9","24,7","29,4","27,8","25,2","24,2",83,75,83,48,"6,5",0
2025/01/04,1500 UTC,"7,8",1006,"1006,1","1005,5","718,1","25,7","24,2",29,"25,5","25,8","23,9",92,79,92,62,"8,5","0,4"
2025/01/04,1600 UTC,"1,2","1005,7",1006,"1005,4","256,2","25,6","23,8",26,"25,6","24,7","23,8",93,90,90,345,"4,4","0,2"
2025/01/04,1700 UTC,0,"1003,9","1005,7","1003,9","823,2","26,3","24,4","26,3","25,3","24,4","23,7",91,89,89,1,"5,9","1,6"
2025/01/04,1800 UTC,0,"1002,8","1003,9","1002,8",1379,"27,6","24,6","27,6","26,3",25,"24,5",90,83,84,22,"8,2","3,6"
2025/01/04,1900 UTC,0,"1002,5","1002,8","1002,2","1342,5","28,2","24,4","28,5","27,6","24,8","23,9",84,78,80,18,"8,6","3,7"
2025/01/04,2000 UTC,"0,2","1002,9",1003,"1002,4","599,6","26,9","24,2","28,5","26,9",25,"24,2",87,80,85,26,"10,8","2,8"
2025/01/04,2100 UTC,0,1003,"1003,2","1002,7",265,"26,6",24,"26,9","26,6","24,3",24,87,85,86,20,"7,7","3,7"
2025/01/04,2200 UTC,0,"1003,6","1003,6","1002,8","22,3","25,8","23,4","26,6","25,8",24,"23,4",87,85,87,17,"9,7","1,3"
2025/01/04,2300 UTC,0,"1004,3","1004,3","1003,6",,"25,4","23,4","25,8","25,4","23,4","23,4",89,87,89,9,"5,3",0
2025/01/05,0000 UTC,0,"1005,1","1005,1","1004,3",,"25,1","23,5","25,4","25,1","23,5","23,4",91,89,91,13,0,0
2025/01/05,0100 UTC,0,1005,"1005,2","1004,9",,"25,1","23,6","25,1","25,1","23,6","23,5",92,91,92,333,0,0
2025/01/05,0200 UTC,0,"1004,8",1005,"1004,7",,"24,9","23,6","25,1","24,9","23,6","23,5",92,92,92,4,0,0
2025/01/05,0300 UTC,0,"1004,7","1004,8","1004,7",,"24,8","23,6",25,"24,8","23,7","23,6",93,92,93,26,0,0
2025/01/05,0400 UTC,0,"1005,1","1005,2","1004,7",,"24,7","23,6","24,9","24,7","23,7","23,5",93,93,93,106,0,0
2025/01/05,0500 UTC,0,"1004,2","1005,1","1004,2",,"24,6","23,5","24,8","24,6","23,7","23,5",94,93,94,51,0,0
2025/01/05,0600 UTC,0,"1003,9","1004,2","1003,8",,"24,9","23,8","24,9","24,6","23,9","23,5",94,94,94,75,0,0
2025/01/05,0700 UTC,0,"1003,6","1003,9","1003,6",,"24,9","23,8","24,9","24,8","23,8","23,7",94,94,94,61,0,0
2025/01/05,0800 UTC,0,"1003,8","1003,8","1003,6",,"24,9","23,8","24,9","24,8","23,8","23,7",94,94,94,83,0,0
2025/01/05,0900 UTC,0,"1004,3","1004,3","1003,8",,"24,7","23,6",25,"24,7",24,"23,6",94,94,94,270,0,0
2025/01/05,1000 UTC,"0,4","1004,9","1004,9","1004,2","54,7","25,1","24,1","25,1","24,4","24,1","23,4",95,94,94,75,0,0
2025/01/05,1100 UTC,0,"1005,6","1005,6","1004,8","373,5","25,9","24,7","25,9","25,1","24,7","24,1",94,93,93,87,"0,6",0
2025/01/05,1200 UTC,0,"1006,3","1006,3","1005,6","1125,7","27,1","24,4","27,2","25,8",25,"24,2",93,85,85,54,"4,4","0,4"
2025/01/05,1300 UTC,0,"1006,2","1006,3","1006,1","1747,5","28,4",24,"28,7","27,1",25,24,85,77,77,65,7,"1,4"
2025/01/05,1400 UTC,0,"1005,7","1006,2","1005,7","2459,5","30,6","24,3","30,6","28,4","24,9","23,2",79,67,69,66,"8,3","0,4"
2025/01/05,1500 UTC,0,"1005,2","1005,6","1005,2","1977,2","30,2","23,3","31,2","30,2","24,5",23,70,63,67,34,6,1
2025/01/05,1600 UTC,0,"1004,4","1005,2","1004,4","2294,2","30,9","22,7","31,4","29,6","24,8","22,7",71,62,62,33,"8,5","2,1"
2025/01/05,1700 UTC,"4,4","1003,8","1004,4","1003,4","2065,6","26,3","23,2","32,2","26,3",24,"22,5",83,59,83,21,"12,5","0,4"
2025/01/05,1800 UTC,0,"1002,9","1003,8","1002,9","628,2","26,6","24,6","27,6","26,2","24,8","23,3",89,83,89,312,6,0
2025/01/05,1900 UTC,0,"1003,1","1003,1","1002,5","374,7",27,"24,4","27,1","26,6","24,9","24,2",89,85,86,54,3,0
2025/01/05,2000 UTC,"9,4","1002,7","1003,1","1002,6","160,5","25,7","24,3",27,"25,1","24,9","23,1",92,86,92,262,5,0
2025/01/05,2100 UTC,0,"1003,3","1003,3","1002,7","160,5","26,9","25,3","26,9","25,7","25,3","24,3",92,91,91,349,0,0
2025/01/05,2200 UTC,0,"1004,3","1004,3","1003,3","20,6","26,6","24,6",27,"26,6","25,3","24,6",91,88,89,11,"5,6",0
2025/01/05,2300 UTC,0,"1004,5","1004,6","1004,3",,"26,2","24,4","26,6","26,2","24,7","24,4",90,89,90,357,"3,9",0
2025/01/06,0000 UTC,0,"1005,7","1005,7","1004,5",,"25,9","24,3","26,2","25,9","24,4","24,3",91,90,91,357,0,0
2025/01/06,0100 UTC,0,1006,"1006,2","1005,7",,"25,7","24,3","25,9","25,7","24,3","24,3",92,91,92,346,0,0
2025/01/06,0200 UTC,0,"1006,3","1006,3",1006,,"25,6","24,2","25,8","25,6","24,3","24,2",92,92,92,359,0,0
2025/01/06,0300 UTC,0,1006,"1006,3",1006,,"25,4","24,1","25,6","25,4","24,2","24,1",93,92,93,341,0,0
2025/01/06,0400 UTC,0,"1005,4",1006,"1005,4",,25,"23,8","25,4",25,"24,1","23,8",93,93,93,281,0,0
2025/01/06,0500 UTC,0,"1004,7","1005,4","1004,7",,"24,6","23,5",25,"24,6","23,9","23,5",94,93,94,262,0,0
2025/01/06,0600 UTC,0,"1004,1","1004,7","1004,1",,"24,6","23,6","24,6","24,6","23,6","23,5",94,94,94,286,0,0
2025/01/06,0700 UTC,0,"1003,8","1004,1","1003,8",,"24,2","23,3","24,6","24,2","23,6","23,3",94,94,94,244,0,0
2025/01/06,0800 UTC,0,"1004,2","1004,2","1003,8",,24,23,"24,3",24,"23,3",23,95,94,95,186,0,0
2025/01/06,0900 UTC,0,"1004,8","1004,8","1004,2",,"23,8","22,9",24,"23,8","23,1","22,9",95,95,95,188,0,0
2025/01/06,1000 UTC,0,"1005,6","1005,6","1004,8","46,7",24,"23,1",24,"23,8","23,1","22,9",95,95,95,184,0,0
2025/01/06,1100 UTC,0,"1006,4","1006,4","1005,6","419,2","24,9",24,"24,9",24,24,"23,1",95,95,95,194,0,0
2025/01/06,1200 UTC,0,"1007,1","1007,1","1006,3","1004,7","26,6","25,4","26,6","24,9","25,4","24,1",95,93,93,111,0,0
2025/01/06,1300 UTC,0,"1007,2","1007,2",1007,"1318,2","27,7","24,6","27,8","26,6","25,6","24,6",93,83,83,85,0,0
2025/01/06,1400 UTC,0,"1006,8","1007,2","1006,7","1357,6","28,9","23,7","29,3","27,6","24,8","23,5",84,72,73,49,0,0
2025/01/06,1500 UTC,0,"1006,4","1006,8","1006,4","1826,3","30,2","23,8","30,4",29,"24,5","23,4",75,68,68,256,0,0
2025/01/06,1600 UTC,"4,2","1006,2","1006,6","1006,2",472,"25,4","23,7","30,2","24,8","24,2",23,91,68,90,303,"10,6",0
2025/01/06,1700 UTC,0,"1004,9","1006,2","1004,9","1501,9","27,9","24,1","28,3","25,3","25,5","23,7",92,79,80,357,"5,7","1,3"
2025/01/06,1800 UTC,0,"1004,4","1004,9","1004,4","2079,1","28,1","24,1","29,1","27,5","25,1",23,85,72,79,1,"6,3",0
2025/01/06,1900 UTC,0,"1003,9","1004,4","1003,9","1285,9","27,7","22,8","28,7","27,7","24,6","22,7",80,73,75,7,"7,8","1,3"
2025/01/06,2000 UTC,0,"1003,8",1004,"1003,7","773,6","26,9",24,"27,7","26,9",24,"22,3",84,74,84,355,"6,9","0,9"
2025/01/06,2100 UTC,0,"1004,2","1004,4","1003,8","311,7","26,6",24,27,"26,6","24,1","23,7",86,83,86,351,"5,7","0,9"
2025/01/06,2200 UTC,0,"1004,7","1004,8","1004,2","27,2","26,3","24,1","26,7","26,3","24,1",24,88,86,88,356,"5,2",0
2025/01/06,2300 UTC,0,"1005,3","1005,3","1004,7",,26,"24,2","26,3",26,"24,2","24,1",90,88,90,360,"4,6",0
2025/01/07,0000 UTC,0,"1006,2","1006,2","1005,3",,"25,7","24,1",26,"25,7","24,2","24,1",91,90,91,338,0,0
2025/01/07,0100 UTC,0,1007,1007,"1006,2",,"25,6","24,1","25,7","25,6","24,2","24,1",92,91,91,9,0,0
2025/01/07,0200 UTC,0,"1007,2","1007,2",1007,,"25,4",24,"25,6","25,4","24,1",24,92,91,92,351,0,0
2025/01/07,0300 UTC,0,"1006,9","1007,3","1006,9",,"25,2","23,9","25,4","25,2",24,"23,8",92,92,92,355,0,0
2025/01/07,0400 UTC,0,"1006,2","1006,9","1006,2",,"24,9","23,7","25,2","24,9","23,9","23,7",93,92,93,352,0,0
2025/01/07,0500 UTC,0,"1005,3","1006,2","1005,3",,"24,6","23,6",25,"24,6","23,8","23,6",94,93,94,330,0,0
2025/01/07,0600 UTC,0,1005,"1005,3",1005,,"24,2","23,2","24,6","24,2","23,6","23,2",94,94,94,316,0,0
2025/01/07,0700 UTC,0,"1004,8",1005,"1004,8",,"23,9","22,9","24,2","23,9","23,2","22,9",94,94,94,333,0,0
2025/01/07,0800 UTC,0,"1004,8","1004,9","1004,8",,"23,7","22,7",24,"23,6",23,"22,7",94,94,94,6,0,0
2025/01/07,0900 UTC,0,"1005,2","1005,2","1004,8",,"23,4","22,5","23,7","23,3","22,7","22,4",95,94,95,241,0,0
2025/01/07,1000 UTC,0,"1005,8","1005,8","1005,2",28,"23,4","22,5","23,5","23,3","22,6","22,4",95,95,95,160,0,0
2025/01/07,1100 UTC,0,"1006,4","1006,5","1005,8","287,9","24,9",24,"24,9","23,4",24,"22,6",95,95,95,158,0,0
2025/01/07,1200 UTC,0,"1007,1","1007,1","1006,4","1318,3","27,2","24,9","27,2","24,9","25,6",24,95,87,87,32,0,0
2025/01/07,1300 UTC,0,"1007,3","1007,3","1007,1","1857,1","28,5","23,7","28,6","27,2","24,9","23,5",87,75,75,29,"5,2","1,3"
2025/01/07,1400 UTC,0,"1007,2","1007,4","1007,2","2059,7","29,7","23,5","29,9","28,4","24,3","23,3",76,69,69,25,"5,4","0,8"
2025/01/07,1500 UTC,0,"1006,4","1007,2","1006,4","2973,4",31,"23,8","31,1","29,6","24,4","22,7",71,63,65,18,"6,1","0,1"
2025/01/07,1600 UTC,0,"1005,4","1006,4","1005,4","2666,8","31,8","23,2","31,9","30,8","24,2","22,3",67,58,60,18,"6,9","0,1"
2025/01/07,1700 UTC,0,"1004,2","1005,4","1004,2","2132,2","32,2","22,8","32,3","30,7","24,6","22,2",65,58,58,5,"6,6",0
2025/01/07,1800 UTC,0,"1003,1","1004,2","1003,1",2495,"32,1","23,7","32,4","30,8","23,9","22,2",64,56,61,14,"7,8","1,1"
2025/01/07,1900 UTC,0,"1003,6","1003,7","1002,7","742,1","26,2","23,3","32,3","26,2","24,1","22,5",84,57,84,126,10,"3,6"
2025/01/07,2000 UTC,"16,2","1004,6","1004,7","1003,5","26,2",25,"23,7","26,2","24,5","23,8","22,9",93,84,93,29,10,"0,3"
2025/01/07,2100 UTC,"2,8","1004,3","1004,6",1004,"14,8","24,6","23,3",25,"24,3","23,7","22,8",93,91,93,304,"6,3",0
2025/01/07,2200 UTC,"0,2","1005,1","1005,1","1004,2","1,9","24,7","23,4","24,7","24,5","23,5","23,2",93,92,93,273,"1,4",0
2025/01/07,2300 UTC,0,"1005,4","1005,4",1005,,"24,8","23,7","24,9","24,7","23,7","23,4",93,93,93,279,0,0
2025/01/08,0000 UTC,0,1006,1006,"1005,4",,"25,3","24,2","25,4","24,8","24,2","23,7",94,93,93,22,0,0
2025/01/08,0100 UTC,0,"1006,7","1006,7","1006,1",,"25,5","24,2","25,6","25,3","24,3","24,2",93,93,93,31,0,0
2025/01/08,0200 UTC,0,"1006,6","1006,8","1006,6",,"25,5","24,1","25,6","25,5","24,2","24,1",93,92,92,13,0,0
2025/01/08,0300 UTC,0,"1006,2","1006,6","1006,2",,"25,4","23,9","25,5","25,4","24,1","23,9",92,92,92,5,0,0
2025/01/08,0400 UTC,0,"1005,8","1006,2","1005,8",,25,"23,8","25,4",25,24,"23,7",93,92,93,356,0,0
2025/01/08,0500 UTC,0,"1005,2","1005,8","1005,2",,"24,9","23,7","25,1","24,9","23,8","23,6",93,93,93,46,0,0
2025/01/08,0600 UTC,0,"1004,9","1005,2","1004,8",,"24,6","23,5","25,1","24,6","23,9","23,5",93,93,93,258,0,0
2025/01/08,0700 UTC,0,"1004,5","1004,9","1004,5",,"24,5","23,5","24,6","24,5","23,5","23,5",94,93,94,253,0,0
2025/01/08,0800 UTC,0,"1004,5","1004,5","1004,3",,"24,3","23,4","24,5","24,3","23,5","23,4",94,94,94,248,0,0
2025/01/08,0900 UTC,0,"1005,2","1005,2","1004,5",,24,"23,1","24,3",24,"23,4","23,1",94,94,94,249,0,0
2025/01/08,1000 UTC,0,"1005,8","1005,8","1005,2","47,9","24,1","23,2","24,1","23,9","23,2","22,9",95,94,95,223,0,0
2025/01/08,1100 UTC,0,"1006,5","1006,5","1005,8","369,5","25,1","24,2","25,2","24,1","24,2","23,3",95,94,94,125,0,0
2025/01/08,1200 UTC,0,"1007,1","1007,1","1006,5","864,9","26,8","25,1","26,8","25,1","25,2","24,2",95,90,90,36,0,0
2025/01/08,1300 UTC,0,"1007,2","1007,3",1007,1493,28,"24,1","28,5","26,8","25,4","24,1",91,79,79,55,"4,2",0
2025/01/08,1400 UTC,0,"1006,8","1007,2","1006,8","1482,6","28,8",24,"29,6",28,"24,9","23,5",81,72,75,18,"5,2","0,8"
2025/01/08,1500 UTC,0,1006,"1006,8",1006,"2407,7","30,6","23,4","31,1","28,8","24,7","22,8",76,63,65,31,"5,6","0,6"
2025/01/08,1600 UTC,0,"1004,6",1006,"1004,6",2823,"31,8","22,8",32,"30,4","24,4","22,1",66,57,59,355,"5,9","0,5"
2025/01/08,1700 UTC,0,"1003,3","1004,6","1003,3","2081,1","32,5","23,1","32,5","31,6","23,4","21,7",60,55,58,21,"4,3",0
2025/01/08,1800 UTC,"0,6","1003,3","1003,3","1002,6",2068,"26,9","23,1","32,9","26,9","24,1","21,2",80,53,80,32,"13,8",7
2025/01/08,1900 UTC,1,"1002,9","1003,7","1002,8",253,"25,4","23,8","26,9","25,4","23,8","22,8",91,80,91,97,"13,8","0,3"
2025/01/08,2000 UTC,"0,2","1003,1","1003,3","1002,9","43,6","25,3","23,6","25,4","25,1","23,8","23,4",91,90,90,48,"5,2",0
2025/01/08,2100 UTC,0,"1003,8","1003,8","1003,1","30,5","25,2","23,5","25,5","25,2","23,7","23,4",90,90,90,26,0,0
2025/01/08,2200 UTC,"0,2","1004,3","1004,3","1003,8","5,7","25,5","23,6","25,5","25,3","23,7","23,5",90,89,90,355,"3,1","0,2"
2025/01/08,2300 UTC,0,"1004,8","1004,8","1004,2",,"25,4","23,6","25,5","25,4","23,6","23,6",90,89,90,19,"3,1",0
2025/01/09,0000 UTC,0,"1005,6","1005,6","1004,8",,"25,3","23,6","25,5","25,3","23,6","23,5",90,90,90,8,0,0
2025/01/09,0100 UTC,0,1006,1006,"1005,6",,"25,2","23,6","25,3","25,2","23,7","23,6",91,90,91,16,0,0
2025/01/09,0200 UTC,0,1006,"1006,2",1006,,"25,2","23,7","25,2","25,1","23,7","23,6",92,91,92,28,0,0
2025/01/09,0300 UTC,0,"1005,5",1006,"1005,5",,"25,2","23,8","25,2","25,1","23,9","23,6",92,92,92,16,0,0
2025/01/09,0400 UTC,0,"1004,8","1005,5","1004,8",,25,"23,7","25,2",25,"23,8","23,7",93,92,93,23,0,0
2025/01/09,0500 UTC,0,"1004,3","1004,8","1004,3",,"24,7","23,6","25,1","24,7","23,8","23,6",93,93,93,293,0,0
2025/01/09,0600 UTC,0,"1003,8","1004,3","1003,8",,"24,5","23,5","24,7","24,5","23,6","23,4",94,93,94,353,0,0
2025/01/09,0700 UTC,0,"1003,4","1003,8","1003,4",,"24,3","23,3","24,6","24,3","23,6","23,3",94,94,94,124,0,0
2025/01/09,0800 UTC,0,"1003,3","1003,4","1003,2",,24,"23,1","24,3",24,"23,3","23,1",94,94,94,247,0,0
2025/01/09,0900 UTC,0,"1004,1","1004,1","1003,3",,24,23,24,"23,9","23,1","22,9",95,94,95,203,0,0
2025/01/09,1000 UTC,0,"1004,9","1004,9","1004,1",43,"24,2","23,3","24,2",24,"23,3",23,95,95,95,146,0,0
2025/01/09,1100 UTC,0,"1005,5","1005,5","1004,9","593,6","26,4","25,2","26,4","24,2","25,3","23,3",95,94,94,73,0,0
2025/01/09,1200 UTC,0,"1005,9","1005,9","1005,5","1412,6","27,8","24,6","27,8","26,4",26,"24,5",94,83,83,29,0,0
2025/01/09,1300 UTC,0,1006,"1006,1","1005,9","1302,4","28,6","24,6","28,8","27,7","25,2","24,1",84,78,79,32,"3,5",0
2025/01/09,1400 UTC,0,"1005,8",1006,"1005,8","1712,1","30,7",25,"30,7","28,5",25,"23,4",79,70,72,44,"5,1","0,1"
2025/01/09,1500 UTC,"1,8","1005,3","1005,8","1005,3","1789,9","28,8","24,7","30,9","27,8","24,7",23,79,65,79,57,"7,7","0,1"
2025/01/09,1600 UTC,0,1004,"1005,3",1004,2943,31,"23,1","31,5","28,7","25,5","22,8",80,61,63,56,"7,7","3,4"
2025/01/09,1700 UTC,"1,6","1003,3",1004,"1003,3","1825,8","26,7","23,8","31,7","26,4",24,"21,1",84,59,84,68,"12,8","3,1"
2025/01/09,1800 UTC,0,"1002,1","1003,3",1002,"1254,7","28,3","23,6","28,3","26,7","24,5","23,1",85,75,76,23,"8,3",0
2025/01/09,1900 UTC,0,"1001,3","1002,1","1001,3","907,9","28,6","24,1","28,8","28,2","24,6","23,4",80,75,77,305,0,0
2025/01/09,2000 UTC,0,"1001,4","1001,4",1001,"1432,1","30,1","23,5","30,3","28,4","24,8","23,4",79,67,68,356,"6,8","2,8"
2025/01/09,2100 UTC,0,"1002,2","1002,2","1001,4","317,7",29,"23,4","30,1",29,"24,5","23,3",74,68,72,354,"7,1",0
2025/01/09,2200 UTC,0,"1003,3","1003,3","1002,3","17,4","28,1","23,6",29,"28,1","23,7","23,4",77,72,77,359,"5,3",0
2025/01/09,2300 UTC,0,"1003,9","1003,9","1003,2",,"27,4","23,7","28,1","27,4","23,8","23,7",81,77,81,4,"3,3",0
2025/01/10,0000 UTC,0,"1004,9","1004,9","1003,9",,"26,9","23,9","27,4","26,9","23,9","23,7",84,81,84,357,0,0
2025/01/10,0100 UTC,0,"1005,2","1005,2","1004,9",,"26,5","23,9","26,9","26,5",24,"23,9",86,84,85,27,0,0
2025/01/10,0200 UTC,0,"1005,4","1005,5","1005,2",,26,"24,2","26,5",26,"24,2","23,9",90,85,90,310,0,0
2025/01/10,0300 UTC,0,"1005,3","1005,4","1005,2",,"25,8","24,2","26,1","25,7","24,4",24,91,90,91,25,0,0
2025/01/10,0400 UTC,0,"1004,5","1005,3","1004,5",,"25,2","23,7","25,9","25,2","24,2","23,7",91,90,91,53,0,0
2025/01/10,0500 UTC,0,"1003,8","1004,5","1003,8",,"24,8","23,5","25,2","24,8","23,8","23,5",93,91,93,163,0,0
2025/01/10,0600 UTC,0,"1003,7","1003,8","1003,5",,"24,8","23,7","24,8","24,6","23,7","23,4",93,93,93,194,0,0
2025/01/10,0700 UTC,1,"1003,7","1003,8","1003,5",,"24,8","23,7",25,"24,8","23,8","23,7",94,93,94,207,0,0
2025/01/10,0800 UTC,0,"1003,9","1003,9","1003,7",,"24,5","23,5","24,8","24,5","23,7","23,4",94,94,94,236,0,0
2025/01/10,0900 UTC,0,"1004,4","1004,4","1003,9",,"24,4","23,4","24,6","24,2","23,5","23,2",94,94,94,143,0,0
2025/01/10,1000 UTC,"0,2","1005,2","1005,2","1004,4","60,4","24,7","23,8","24,7","24,3","23,8","23,3",95,94,95,163,"0,4",0
2025/01/10,1100 UTC,0,"1006,1","1006,1","1005,2","378,4",25,"24,2","25,1","24,6","24,2","23,7",95,95,95,178,0,0
2025/01/10,1200 UTC,0,"1006,6","1006,7","1006,1","814,1","25,8","24,7",26,25,"25,1","24,1",95,94,94,170,0,0
2025/01/10,1300 UTC,0,"1006,9",1007,"1006,6","1701,2","27,5",25,"27,7","25,8","25,8","24,6",94,85,86,116,0,0
2025/01/10,1400 UTC,0,"1006,6",1007,"1006,6","2337,2","29,1","24,2","29,2","27,5","25,4","23,6",87,73,75,34,5,"0,2"
2025/01/10,1500 UTC,0,"1005,8","1006,6","1005,8","2043,2","30,1","23,6","30,2","29,1","24,6","23,2",75,67,68,115,5,0
2025/01/10,1600 UTC,0,"1004,8","1005,8","1004,8","1951,1","29,8","23,2","31,2","29,8","24,1","22,9",69,64,68,41,"7,3","1,8"
2025/01/10,1700 UTC,0,1004,"1004,8",1004,2325,"29,9","23,5","31,4","29,8","24,8","23,2",70,65,68,26,"7,3",2
2025/01/10,1800 UTC,0,"1003,5",1004,"1003,4",641,"28,3","23,9",30,"28,1","23,9","23,3",77,68,77,43,"6,4","0,2"
2025/01/10,1900 UTC,0,"1003,2","1003,6","1003,2","760,2","28,3","23,3","28,5","28,1","23,8","22,7",77,72,75,358,"5,4","0,1"
2025/01/10,2000 UTC,"1,6","1003,4","1003,4","1003,1","426,2","27,3",25,"28,5","27,2","25,1","23,3",88,75,87,42,"4,7",0
2025/01/10,2100 UTC,0,"1003,7","1003,8","1003,3","159,5","27,1","24,7","27,5",27,"25,1","24,7",88,86,87,13,4,0
2025/01/10,2200 UTC,0,"1004,2","1004,3","1003,7","13,3","26,7","24,7","27,1","26,7","24,8","24,7",89,87,89,13,"3,6",0
2025/01/10,2300 UTC,0,"1004,9",1005,"1004,2",,"26,3","24,7","26,7","26,2","24,7","24,5",91,89,91,62,0,0
2025/01/11,0000 UTC,0,"1005,4","1005,4","1004,8",,"26,4","24,5","26,7","26,3","24,9","24,5",91,88,89,17,0,0
2025/01/11,0100 UTC,0,"1005,6","1005,8","1005,4",,"26,2","24,4","26,5","26,2","24,5","24,4",90,89,90,7,0,0
2025/01/11,0200 UTC,0,"1005,8","1005,9","1005,6",,"25,9","24,3","26,2","25,9","24,4","24,2",91,90,91,15,0,0
2025/01/11,0300 UTC,0,"1005,6","1005,8","1005,5",,"25,6","24,1","25,9","25,6","24,3",24,91,91,91,31,0,0
2025/01/11,0400 UTC,0,"1005,2","1005,6","1005,2",,"25,5",24,"25,6","25,5","24,1",24,92,91,91,33,0,0
2025/01/11,0500 UTC,0,"1004,4","1005,2","1004,4",,"25,4",24,"25,5","25,4","24,1","23,9",92,91,92,7,0,0
2025/01/11,0600 UTC,0,"1003,8","1004,4","1003,8",,"24,8","23,6","25,4","24,8",24,"23,5",93,92,93,298,0,0
2025/01/11,0700 UTC,0,"1003,9","1003,9","1003,7",,"24,4","23,3","24,8","24,4","23,6","23,3",94,93,94,238,0,0
2025/01/11,0800 UTC,0,"1004,2","1004,3","1003,9",,"24,1","23,1","24,5","24,1","23,4","23,1",94,94,94,170,0,0
2025/01/11,0900 UTC,0,"1004,9","1004,9","1004,1",,"23,9","22,9","24,1","23,8","23,1","22,9",94,94,94,133,0,0
2025/01/11,1000 UTC,0,"1005,5","1005,5","1004,9","78,7","24,2","23,3","24,2","23,7","23,3","22,8",95,94,95,162,0,0
2025/01/11,1100 UTC,0,"1006,4","1006,4","1005,5","517,9","25,4","24,5","25,4","24,2","24,5","23,3",95,95,95,138,0,0
2025/01/11,1200 UTC,0,"1006,8","1006,8","1006,4","1277,5","27,4","24,8","27,6","25,4","25,9","24,4",95,85,86,27,"4,6","0,9"
2025/01/11,1300 UTC,0,1007,1007,"1006,8","1214,5","28,6","24,6","28,6","27,4","25,2","24,1",86,77,79,28,"5,3",0
2025/01/11,1400 UTC,"0,2","1006,8","1007,1","1006,8","2134,3","29,9","23,7","30,3","28,4","24,9","23,5",79,69,70,40,"6,3","1,5"
2025/01/11,1500 UTC,"0,4","1006,5","1006,8","1006,5",1856,"29,6","24,6",31,"29,3","25,1","23,8",75,68,74,14,"6,3","0,5"
2025/01/11,1600 UTC,"0,8","1006,4","1006,7","1006,4","835,6","25,7","23,6","30,5","25,5","25,3","22,3",88,68,88,16,"12,2",0
2025/01/11,1700 UTC,0,"1005,3","1006,6","1005,3","413,9","26,4",24,"26,4","25,7","24,2","23,5",89,87,87,206,"3,2",0
2025/01/11,1800 UTC,0,"1003,8","1005,3","1003,7","723,6","27,5","24,5","27,5","26,4","24,7","23,9",88,83,84,344,0,0
2025/01/11,1900 UTC,0,"1003,6","1003,9","1003,6","692,7","27,7","24,3","27,9","27,4","24,9","24,2",85,81,81,352,"2,7","0,1"
2025/01/11,2000 UTC,0,"1003,4","1003,6","1003,4","601,1","27,7","24,6","27,9","27,6","24,7","24,2",83,81,83,346,4,0
2025/01/11,2100 UTC,0,"1003,7","1003,7","1003,2","375,5","27,7","24,8","27,8","27,6","24,9","24,5",85,83,84,339,"3,5",0
2025/01/11,2200 UTC,0,"1004,3","1004,3","1003,7","38,3","27,2",25,"27,7","27,2",25,"24,8",88,84,88,335,0,0
2025/01/11,2300 UTC,0,"1005,2","1005,2","1004,3",,"26,8","24,2","27,2","26,8",25,"24,2",89,86,86,11,0,0
2025/01/12,0000 UTC,0,"1006,5","1006,5","1005,2",,"26,4",24,"26,8","26,4","24,1","23,9",86,85,86,21,0,0
2025/01/12,0100 UTC,0,1007,1007,"1006,5",,"26,2","23,9","26,5","26,2","24,1","23,9",87,86,87,15,0,0
2025/01/12,0200 UTC,0,"1006,6","1007,1","1006,5",,"25,9","24,1","26,2","25,8","24,1","23,9",90,87,90,351,0,0
2025/01/12,0300 UTC,0,"1006,4","1006,7","1006,4",,"25,7","24,2","25,9","25,6","24,2",24,91,90,91,32,0,0
2025/01/12,0400 UTC,0,"1005,9","1006,5","1005,9",,"25,5",24,"25,7","25,4","24,2",24,92,91,92,11,0,0
2025/01/12,0500 UTC,0,"1005,7","1005,9","1005,6",,"25,2","23,9","25,5","25,2","24,1","23,9",92,92,92,9,0,0
2025/01/12,0600 UTC,0,1005,"1005,7",1005,,"25,1","23,8","25,2","25,1","23,9","23,8",93,92,93,343,0,0
2025/01/12,0700 UTC,0,"1004,7","1005,1","1004,7",,"24,9","23,8","25,1","24,9","23,8","23,7",93,93,93,31,0,0
2025/01/12,0800 UTC,0,"1004,3","1004,7","1004,3",,"24,8","23,6",25,"24,8","23,8","23,6",93,93,93,15,0,0
2025/01/12,0900 UTC,0,"1004,9","1004,9","1004,3",,"24,6","23,5","24,8","24,6","23,6","23,5",94,93,94,19,0,0
2025/01/12,1000 UTC,0,"1005,2","1005,2","1004,9","116,5",25,"23,8",25,"24,6","23,8","23,5",94,93,93,32,0,0
2025/01/12,1100 UTC,0,"1006,4","1006,4","1005,2","634,2","26,1","24,3","26,1",25,"24,3","23,8",93,90,90,26,"5,3","0,5"
2025/01/12,1200 UTC,0,1007,1007,"1006,3","1276,3","27,1","24,2","27,3","26,1","24,6","23,9",90,83,84,15,"7,2","2,1"
2025/01/12,1300 UTC,0,1007,"1007,1","1006,8",1880,29,24,"29,1","27,1","24,6","23,5",85,74,75,11,"7,3","0,5"
2025/01/12,1400 UTC,0,"1006,6",1007,"1006,6","1941,4","29,5","24,1","29,7","28,9","24,5","23,3",75,70,73,32,"6,6","0,2"
2025/01/12,1500 UTC,0,1006,"1006,7",1006,"2744,2","30,6","23,5","31,2","28,9","24,5","22,8",74,65,66,68,"7,1","2,3"
2025/01/12,1600 UTC,"1,6","1005,9","1006,2","1005,7","1324,3","26,6","23,1","31,2","26,6","24,8","22,8",85,66,81,337,"9,2","1,3"
2025/01/12,1700 UTC,0,"1004,4","1005,9","1004,4","1120,2","26,9","22,8","28,1","26,3","24,5","22,7",83,77,78,45,"11,8","4,1"
2025/01/12,1800 UTC,0,"1003,6","1004,4","1003,6","1242,1","28,4","23,5","28,4","26,4","23,6","22,3",80,73,75,13,"11,8","1,4"
2025/01/12,1900 UTC,0,"1003,4","1004,1","1003,4","353,3","26,3","23,4","28,5","26,2",24,"23,3",84,75,84,77,"7,4",0
2025/01/12,2000 UTC,0,"1003,2","1003,4","1002,9","255,3","27,1","24,2","27,1","26,1","24,2","23,2",84,83,84,14,0,0
2025/01/12,2100 UTC,0,"1003,7","1003,8","1003,2","149,3","27,1","24,5","27,2","27,1","24,5","24,2",86,84,86,16,0,0
2025/01/12,2200 UTC,"2,2","1004,8","1004,9","1003,6","17,8","24,6","22,8","27,1","24,5","24,6","22,4",90,85,90,51,"8,4","0,1"
2025/01/12,2300 UTC,"0,2","1005,5","1005,5","1004,8",,25,"23,5",25,"24,6","23,5","22,7",91,90,91,50,"3,5",0
2025/01/13,0000 UTC,0,"1006,1","1006,1","1005,4",,"24,6","22,9","25,1","24,6","23,6","22,9",92,90,90,33,"4,5",0
2025/01/13,0100 UTC,"0,2","1006,2","1006,4","1006,1",,"24,6","22,8","24,6","24,5",23,"22,8",91,90,90,22,5,0
2025/01/13,0200 UTC,0,"1006,2","1006,4","1006,1",,"24,6","22,6","24,6","24,2","22,9","22,5",91,89,89,350,"2,2",0
2025/01/13,0300 UTC,0,"1005,6","1006,2","1005,5",,"24,2","22,5","24,6","24,2","22,6","22,4",90,89,90,31,"2,9","0,1"
2025/01/13,0400 UTC,0,"1004,8","1005,7","1004,7",,"24,2","22,6","24,3","24,2","22,7","22,5",91,90,91,25,"4,2","0,4"
2025/01/13,0500 UTC,0,"1004,1","1004,8","1004,1",,"24,3","22,8","24,3","24,2","22,8","22,6",92,91,92,31,"3,3",0
2025/01/13,0600 UTC,0,"1003,4","1004,1","1003,3",,"24,2","22,7","24,5","24,2","22,9","22,7",92,90,91,29,"6,9","0,2"
2025/01/13,0700 UTC,0,"1003,2","1003,4","1003,2",,"23,9","22,6","24,2","23,9","22,7","22,6",92,91,92,9,"4,1",0
2025/01/13,0800 UTC,0,"1003,4","1003,4","1003,2",,"23,8","22,6","23,9","23,8","22,6","22,5",93,92,93,346,0,0
2025/01/13,0900 UTC,0,"1004,2","1004,2","1003,4",,"23,7","22,6","23,8","23,7","22,6","22,5",93,93,93,338,0,0
2025/01/13,1000 UTC,0,"1004,9","1004,9","1004,2","41,4",24,"22,8",24,"23,7","22,8","22,6",93,93,93,354,0,0
2025/01/13,1100 UTC,0,"1005,6","1005,6","1004,9","532,7","25,2","23,7","25,2",24,"23,7","22,9",93,91,91,355,"6,1","0,9"
2025/01/13,1200 UTC,0,"1006,1","1006,2","1005,6","1135,2","26,7",24,"26,7","25,2","24,1","23,3",91,84,85,20,"5,4",0
2025/01/13,1300 UTC,"5,6","1006,5","1006,6","1006,1","350,6","25,1","23,6","26,8","24,7",24,23,92,84,92,111,"7,6",0
2025/01/13,1400 UTC,"2,4","1005,9","1006,5","1005,9","736,5","25,7","24,1","25,7",25,"24,2","23,6",92,91,91,340,"4,5",0
2025/01/13,1500 UTC,"2,8","1005,7","1006,2","1005,7","1135,6","25,7","24,1","26,4","25,6","24,8","23,8",92,88,91,335,"4,1","0,5"
2025/01/13,1600 UTC,"0,2","1004,6","1005,7","1004,6","1088,1","26,8","24,6","26,8","25,5","24,6","23,1",92,86,87,12,"7,7",0
2025/01/13,1700 UTC,0,"1003,7","1004,6","1003,7","1928,7","29,1",25,"29,2","26,9","25,4","24,2",87,76,78,27,"7,8","2,1"
2025/01/13,1800 UTC,0,"1002,6","1003,7","1002,6","1422,4",29,"22,8","29,5","28,7","24,9","22,6",78,69,69,25,9,"3,2"
2025/01/13,1900 UTC,0,"1002,5","1002,6","1002,5","1308,6","28,6","22,8","29,7","28,6","23,4",22,71,66,71,358,10,"2,5"
2025/01/13,2000 UTC,0,"1002,3","1002,5",1002,996,"28,7","22,7",29,"28,6","23,3","22,5",72,69,70,2,"7,3",2
2025/01/13,2100 UTC,0,"1002,4","1002,4","1002,2","298,8","27,9","22,4","28,7","27,9","22,9","22,3",72,69,72,13,"7,5","1,6"
2025/01/13,2200 UTC,0,"1003,1","1003,1","1002,4","27,9","27,1","22,4","27,9","27,1","22,5","22,3",76,72,76,1,"6,6","0,4"
2025/01/13,2300 UTC,0,"1004,2","1004,2","1003,1",,"26,6","22,4","27,1","26,6","22,4","22,4",78,76,78,356,"5,6",0
2025/01/14,0000 UTC,0,"1005,2","1005,2","1004,2",,"26,3","22,5","26,6","26,3","22,5","22,4",80,78,80,360,"0,1",0
2025/01/14,0100 UTC,0,"1005,7","1005,7","1005,2",,"25,9","22,7","26,3","25,9","22,7","22,5",83,80,83,331,0,0
2025/01/14,0200 UTC,0,"1005,9","1005,9","1005,7",,"25,5","23,2","25,9","25,5","23,2","22,7",87,83,87,308,0,0
2025/01/14,0300 UTC,0,"1005,7",1006,"1005,7",,"25,2","23,2","25,5","25,2","23,3","23,1",89,87,89,311,0,0
2025/01/14,0400 UTC,0,"1005,3","1005,8","1005,3",,25,"23,2","25,2",25,"23,2","23,1",90,89,89,310,0,0
2025/01/14,0500 UTC,0,1005,"1005,3",1005,,"24,8","23,2",25,"24,8","23,3","23,1",91,89,91,325,0,0
2025/01/14,0600 UTC,0,"1004,3",1005,"1004,3",,"24,7","22,9","24,9","24,7","23,2","22,9",91,90,90,319,0,0
2025/01/14,0700 UTC,0,"1004,1","1004,3","1004,1",,"24,6","22,9","24,7","24,6",23,"22,9",90,90,90,313,0,0
2025/01/14,0800 UTC,0,"1004,5","1004,5","1004,1",,"24,7","22,8","24,7","24,6","22,9","22,8",90,89,89,342,0,0
2025/01/14,0900 UTC,0,"1004,8","1004,8","1004,5",,"24,4","22,7","24,7","24,4","22,8","22,7",90,89,90,328,0,0
2025/01/14,1000 UTC,0,"1005,3","1005,3","1004,8","30,9","24,5","22,8","24,5","24,3","22,8","22,6",90,90,90,2,0,0
2025/01/14,1100 UTC,0,"1006,2","1006,2","1005,3","359,4","25,6","22,6","25,6","24,5","23,3","22,3",91,83,84,2,0,0
2025/01/14,1200 UTC,0,"1006,9","1006,9","1006,2","450,2","26,4",23,"26,5","25,6","23,2","22,5",84,81,81,15,0,0
2025/01/14,1300 UTC,0,"1007,4","1007,4","1006,9","903,8","27,7","23,9","27,7","26,4","23,9","22,9",82,79,80,10,"3,8",0
2025/01/14,1400 UTC,0,"1007,2","1007,4","1007,2","1754,5","29,3","23,4","29,4","27,5","23,8",23,80,70,71,16,"5,4",1
2025/01/14,1500 UTC,0,"1006,7","1007,2","1006,7","2710,1","30,3","22,4","30,6",29,"23,5","21,8",71,61,63,27,"6,3","0,9"
2025/01/14,1600 UTC,0,"1006,1","1006,7","1006,1",2027,"30,6","22,1","30,7","29,9","22,9","21,8",65,60,60,359,7,0
2025/01/14,1700 UTC,0,"1005,3","1006,1","1005,3","2101,7","30,1","21,7","31,2","30,1","22,9","21,1",62,58,61,10,"6,8","2,8"
2025/01/14,1800 UTC,0,"1004,6","1005,3","1004,6","715,3","28,3","22,7","30,2","28,2","22,8","21,6",72,61,72,313,"7,1",0
2025/01/14,1900 UTC,0,"1004,3","1004,6","1004,2","739,6","29,4","22,6","29,6","28,3","23,2","22,3",73,65,67,2,"5,8","0,7"
2025/01/14,2000 UTC,0,"1004,3","1004,3","1004,2","329,5",29,"22,4","29,4","28,9","22,6","21,7",68,64,68,2,"5,6",0
2025/01/14,2100 UTC,0,"1004,9","1004,9","1004,3",156,"28,2","22,2",29,"28,2","22,5","22,1",70,67,70,339,"4,3","0,2"
2025/01/14,2200 UTC,0,"1005,4","1005,4","1004,9","11,2","27,5","21,6","28,2","27,5","22,2","21,4",70,68,70,348,"3,6",0
2025/01/14,2300 UTC,0,1006,1006,"1005,4",,"26,9","22,1","27,5","26,9","22,1","21,6",75,70,75,15,"2,4",0
2025/01/15,0000 UTC,0,"1006,1","1006,1","1005,9",,26,"23,5","26,9",26,"23,6","22,1",86,75,86,238,0,0
2025/01/15,0100 UTC,0,"1006,4","1006,4","1006,1",,"25,4","23,7",26,"25,4","23,7","23,5",90,87,90,218,0,0
2025/01/15,0200 UTC,0,"1006,5","1006,6","1006,3",,"24,8","23,5","25,4","24,8","23,7","23,4",92,90,92,223,0,0
2025/01/15,0300 UTC,"0,6","1006,8","1006,9","1006,5",,"24,5","23,4","24,9","24,5","23,6","23,4",93,92,93,186,0,0
2025/01/15,0400 UTC,"0,2","1005,9","1006,8","1005,9",,"24,6","23,5","24,7","24,5","23,6","23,4",94,93,94,79,0,0
2025/01/15,0500 UTC,0,"1005,1","1005,9",1005,,"24,8","23,6","24,9","24,6","23,7","23,5",94,92,93,239,"1,8",0
2025/01/15,0600 UTC,0,"1004,5","1005,1","1004,5",,"24,6","23,5","24,8","24,6","23,6","23,4",94,93,94,44,0,0
2025/01/15,0700 UTC,0,"1004,5","1004,6","1004,4",,"24,5","23,4","24,7","24,5","23,6","23,4",94,94,94,126,0,0
2025/01/15,0800 UTC,0,"1004,5","1004,6","1004,5",,"24,3","23,3","24,5","24,3","23,5","23,3",94,94,94,157,0,0
2025/01/15,0900 UTC,0,"1005,2","1005,2","1004,5",,"24,1","23,2","24,3","24,1","23,4","23,2",94,94,94,131,0,0
2025/01/15,1000 UTC,0,"1005,8","1005,8","1005,1","33,2","24,3","23,4","24,3","24,1","23,4","23,1",95,94,95,107,0,0
2025/01/15,1100 UTC,0,"1006,4","1006,4","1005,8","260,6","24,7","23,5","24,8","24,3","23,6","23,4",95,93,93,161,0,0
2025/01/15,1200 UTC,0,"1007,2","1007,2","1006,4","539,9","25,5","23,6","25,6","24,7","24,1","23,5",94,89,89,70,0,0
2025/01/15,1300 UTC,0,"1007,8","1007,8","1007,2","825,2","26,6",24,"26,7","25,5",24,"22,3",89,78,86,152,0,0
2025/01/15,1400 UTC,0,"1007,6","1007,8","1007,6","1155,8","27,5","23,2","27,6","26,4","24,1","22,6",86,75,77,10,"0,3",0
2025/01/15,1500 UTC,0,"1007,1","1007,6","1007,1","1721,9","28,7","23,3","28,8","27,5","23,8","22,8",77,72,73,329,"4,1",0
2025/01/15,1600 UTC,0,"1006,4","1007,1","1006,4","952,7","27,2","21,8",29,"27,2","23,7","21,2",74,68,72,50,6,"0,1"
2025/01/15,1700 UTC,0,"1005,5","1006,4","1005,5","1068,2","28,3","21,9","28,3","27,1",22,"20,8",74,66,68,29,"4,5",0
2025/01/15,1800 UTC,0,"1004,8","1005,5","1004,7","1009,4","28,8","22,9","28,9","28,3","23,3","21,9",72,68,71,28,"3,8",0
2025/01/15,1900 UTC,0,"1004,6","1004,8","1004,6","384,3","26,5","23,1","28,8","26,5","23,2","22,2",81,69,81,55,"5,3","0,7"
2025/01/15,2000 UTC,"9,6",1005,"1005,1","1004,6","187,4","24,5",23,"26,5","24,4","23,2","22,6",92,81,92,86,"5,8","0,1"
2025/01/15,2100 UTC,"0,2","1005,4","1005,4",1005,"75,5","24,2","22,6","24,5","24,2","23,1","22,5",92,91,91,58,"3,1",0
2025/01/15,2200 UTC,"1,2","1006,2","1006,2","1005,4","8,2",24,"22,6","24,2",24,"22,7","22,5",92,91,92,73,0,0
2025/01/15,2300 UTC,"0,4","1007,2","1007,2","1006,2",,"23,9","22,4",24,"23,8","22,6","22,4",92,92,92,32,0,0
2025/01/16,0000 UTC,"0,6","1007,9","1007,9","1007,2",,"23,4","21,5","23,9","23,2","22,4",21,92,87,89,25,"5,1",0
2025/01/16,0100 UTC,"1,2","1008,7","1008,7","1007,9",,"23,2",22,"23,6","23,1",22,"21,6",93,89,93,340,"5,1","0,4"
2025/01/16,0200 UTC,"0,8","1008,7","1008,7","1008,6",,23,"21,7","23,3",23,"22,1","21,7",93,92,92,360,"3,9",0
2025/01/16,0300 UTC,"0,2","1008,7","1008,7","1008,7",,23,"21,8","23,2",23,"21,9","21,7",93,92,93,17,0,0
2025/01/16,0400 UTC,3,"1008,3","1008,7","1008,3",,"22,5","21,3",23,"22,5","21,8","21,3",93,93,93,61,"1,7",0
2025/01/16,0500 UTC,"3,6","1007,8","1008,3","1007,8",,"22,4","21,3","22,6","22,4","21,5","21,3",94,93,94,83,0,0
2025/01/16,0600 UTC,1,"1007,1","1007,8","1007,1",,"22,3","21,4","22,5","22,3","21,5","21,3",94,94,94,188,0,0
2025/01/16,0700 UTC,"1,4","1006,7","1007,1","1006,7",,"22,3","21,4","22,3","22,2","21,4","21,2",95,94,95,163,0,0
2025/01/16,0800 UTC,"0,2","1006,8","1006,8","1006,6",,"22,4","21,5","22,4","22,2","21,5","21,3",95,95,95,199,0,0
2025/01/16,0900 UTC,"0,2",1007,1007,"1006,8",,"22,5","21,6","22,5","22,3","21,6","21,4",95,94,94,2,0,0
2025/01/16,1000 UTC,"0,2","1007,3","1007,3",1007,"24,7","22,5","21,6","22,6","22,4","21,6","21,5",95,94,95,68,0,0
2025/01/16,1100 UTC,"0,2","1008,1","1008,1","1007,3","212,1","22,9",22,"22,9","22,5",22,"21,6",95,94,94,84,0,0
2025/01/16,1200 UTC,0,"1008,9","1008,9","1008,1","592,1","23,5","22,2","23,6","22,8","22,4","21,8",94,92,92,128,0,0
2025/01/16,1300 UTC,0,"1009,2","1009,2","1008,9","1009,4",25,"21,7",25,"23,5","22,7","21,7",93,82,82,61,0,0
2025/01/16,1400 UTC,0,"1009,1","1009,3","1009,1","964,3","25,8","21,1","25,8",25,"21,6","20,6",82,75,76,15,0,0
2025/01/16,1500 UTC,0,"1008,7","1009,1","1008,7","1494,5","26,6","22,1","26,6","25,7","22,2",21,77,75,76,348,"3,1",0
2025/01/16,1600 UTC,0,"1007,8","1008,7","1007,8",1365,"27,2","22,1","27,4","26,6","22,3","21,3",77,71,74,329,"2,8",0
2025/01/16,1700 UTC,0,"1006,9","1007,8","1006,9","1646,1","27,9","22,2","27,9","27,2","22,5","21,8",75,70,71,297,"4,2",0
2025/01/16,1800 UTC,0,"1005,7","1006,9","1005,7","2233,1","29,1",22,"29,2","27,9",23,"21,2",72,64,66,346,"4,1","0,4"
2025/01/16,1900 UTC,0,"1004,8","1005,7","1004,8","2016,4","29,3","21,7","29,8","28,6","22,9","21,3",67,62,64,344,5,"0,1"
2025/01/16,2000 UTC,0,"1004,3","1004,8","1004,3","1200,7","29,7","22,1","29,7","28,9","22,7","21,4",68,62,64,314,"3,3",0
2025/01/16,2100 UTC,0,"1004,4","1004,4","1004,3","1265,8","29,2","22,1","29,8","29,2","22,6","21,8",66,63,65,342,"3,9",0
2025/01/16,2200 UTC,0,"1005,4","1005,4","1004,4","139,5","27,7","22,3","29,3","27,7","22,5","22,1",73,65,73,5,"5,3","0,9"
2025/01/16,2300 UTC,0,"1006,5","1006,5","1005,4",,"26,4","22,1","27,7","26,4","22,6","22,1",78,73,78,348,"5,3","0,5"
2025/01/17,0000 UTC,0,"1007,8","1007,8","1006,5",,"25,6","22,5","26,4","25,6","22,5","22,2",83,78,83,360,"4,7",0
2025/01/17,0100 UTC,0,"1008,1","1008,1","1007,8",,"25,2","22,8","25,7","25,2","22,8","22,5",86,83,86,1,0,0
2025/01/17,0200 UTC,0,"1008,5","1008,5","1008,1",,25,"22,9","25,3",25,"22,9","22,8",88,86,88,19,0,0
2025/01/17,0300 UTC,0,"1008,3","1008,7","1008,3",,"24,9","22,9","25,1","24,9",23,"22,9",89,88,89,7,0,0
2025/01/17,0400 UTC,0,"1007,8","1008,3","1007,8",,"24,8","22,9","24,9","24,8","22,9","22,9",89,89,89,50,0,0
2025/01/17,0500 UTC,0,"1007,1","1007,8","1007,1",,"24,9",23,"24,9","24,8",23,"22,9",89,89,89,68,0,0
2025/01/17,0600 UTC,0,"1006,7","1007,1","1006,7",,"24,6","23,2","24,9","24,6","23,2","22,9",92,89,92,142,0,0
2025/01/17,0700 UTC,0,"1006,8","1006,8","1006,7",,"24,4","23,2","24,6","24,4","23,2","23,1",93,92,93,123,0,0
2025/01/17,0800 UTC,"0,2","1007,4","1007,4","1006,8",,"24,2","23,1","24,4","24,2","23,2","23,1",94,93,94,139,0,0
2025/01/17,0900 UTC,"0,2","1007,5","1007,6","1007,4",,"24,1","23,1","24,2","24,1","23,2","23,1",94,94,94,149,0,0
2025/01/17,1000 UTC,0,"1008,2","1008,2","1007,5","14,9","24,1","23,2","24,1","24,1","23,2","23,1",95,94,95,147,0,0
2025/01/17,1100 UTC,0,"1008,8","1008,8","1008,2","197,7","24,3","23,4","24,4","24,1","23,5","23,2",95,95,95,158,0,0
2025/01/17,1200 UTC,0,"1009,4","1009,4","1008,8","430,3","24,7","23,7","24,8","24,3","23,8","23,4",95,94,94,149,"2,7",0
2025/01/17,1300 UTC,0,"1009,7","1009,8","1009,4","1198,5",26,"23,8",26,"24,7","24,1","23,6",94,87,88,179,"0,1",0
2025/01/17,1400 UTC,0,"1009,1","1009,7","1009,1","1882,2","27,3","23,3","27,4",26,"24,1","22,8",88,78,79,150,"1,9",0
2025/01/17,1500 UTC,0,"1008,7","1009,1","1008,7",1714,"28,8","23,6","28,8","27,3","23,6","22,4",79,71,74,151,0,0
2025/01/17,1600 UTC,0,1008,"1008,7",1008,"2351,2","29,9","23,4",30,"28,5","23,9","22,3",74,65,68,238,0,0
2025/01/17,1700 UTC,0,"1006,6",1008,"1006,6","2555,8","30,6",22,"31,2","29,4","23,7",22,69,60,60,294,"0,3",0
2025/01/17,1800 UTC,0,"1005,5","1006,6","1005,5","1090,5","30,3","22,7","30,6",30,"23,1","22,1",66,60,64,248,"2,1",0
2025/01/17,1900 UTC,0,"1004,5","1005,5","1004,5","951,8","29,7","22,6","30,7","29,1","23,2","21,7",68,60,66,177,"2,6",0
2025/01/17,2000 UTC,0,"1005,4","1005,4","1004,5","840,8","26,5","23,4","29,8","26,4","23,8","22,3",83,66,83,4,"9,3",5
2025/01/17,2100 UTC,"0,2","1006,1","1006,2","1005,4","142,4","24,6","23,1","26,5","24,6","23,5","22,9",91,83,91,332,"9,3","0,9"
2025/01/17,2200 UTC,"0,2","1007,1","1007,1","1006,1","1,7","24,9","23,4","24,9","24,4","23,4","23,1",92,91,92,351,"6,8",1
2025/01/17,2300 UTC,"5,8","1007,9","1007,9","1007,1",,"23,8","22,5","24,9","23,8","23,4","22,5",92,91,92,79,"8,8",0
2025/01/18,0000 UTC,"4,2","1008,5","1008,5","1007,9",,"23,7","22,6","23,8","23,7","22,6","22,5",93,92,93,61,0,0
2025/01/18,0100 UTC,"1,6","1009,2","1009,2","1008,6",,"23,9","22,8","23,9","23,7","22,8","22,5",93,93,93,104,0,0
2025/01/18,0200 UTC,"0,4","1009,3","1009,4","1009,2",,"23,9","22,9",24,"23,8","22,9","22,8",94,93,94,265,0,0
2025/01/18,0300 UTC,"2,4","1009,4","1009,4","1009,2",,"23,7","22,8","23,9","23,7","22,9","22,8",95,94,95,43,0,0
2025/01/18,0400 UTC,"13,8","1008,7","1009,4","1008,7",,"23,1","22,3","23,7","23,1","22,8","22,3",95,95,95,278,"0,8",0
2025/01/18,0500 UTC,"1,2","1007,9","1008,7","1007,9",,"22,9","22,1","23,1","22,9","22,3","22,1",95,95,95,282,0,0
2025/01/18,0600 UTC,"0,2","1007,4","1007,9","1007,4",,"22,9","22,1",23,"22,9","22,2",22,95,95,95,278,0,0
2025/01/18,0700 UTC,0,"1007,3","1007,5","1007,2",,"22,7","21,9","22,9","22,7","22,1","21,8",95,95,95,329,0,0
2025/01/18,0800 UTC,"0,2","1007,4","1007,4","1007,3",,"22,7","21,9","22,8","22,7","21,9","21,9",95,95,95,323,0,0
2025/01/18,0900 UTC,"0,2","1007,7","1007,7","1007,4",,"22,8",22,"22,8","22,7",22,"21,9",95,95,95,2,0,0
2025/01/18,1000 UTC,0,"1007,9","1007,9","1007,7","22,6","22,7","21,9","22,8","22,7",22,"21,8",95,95,95,2,"1,7",0
2025/01/18,1100 UTC,"0,2","1008,4","1008,4","1007,9","158,3","22,9","22,1",23,"22,7","22,1","21,8",95,95,95,336,"1,4",0
2025/01/18,1200 UTC,0,"1009,3","1009,3","1008,4","323,1","23,4","22,4","23,4","22,9","22,4",22,95,94,94,349,"2,9",0
2025/01/18,1300 UTC,0,"1009,8","1009,8","1009,3","898,6","24,4","22,7","24,4","23,4","22,9","22,3",94,91,91,343,"2,5","0,1"
2025/01/18,1400 UTC,0,1010,1010,"1009,8","1030,5","25,4",23,"25,5","24,3","23,3","22,6",91,86,87,319,"2,4",0
2025/01/18,1500 UTC,"0,2","1009,7",1010,"1009,7",619,"25,3","23,3","25,4","25,1","23,3","22,5",89,85,89,281,"1,8",0
2025/01/18,1600 UTC,"1,2","1009,1","1009,7","1009,1","536,4","24,7","23,3","25,3","24,6","23,6","23,1",92,89,92,264,0,0
2025/01/18,1700 UTC,"0,4",1008,"1009,1",1008,"999,6",25,"23,3","25,1","24,7","23,6",23,92,90,90,260,"2,4",0
2025/01/18,1800 UTC,0,1007,1008,1007,"1060,8","25,2","22,9","25,5",25,"23,7","22,7",91,86,87,280,"3,5",0
2025/01/18,1900 UTC,0,"1006,7",1007,"1006,6","709,8","25,5","23,3","25,6","25,2","23,5","22,9",89,87,87,274,0,0
2025/01/18,2000 UTC,0,"1006,6","1006,7","1006,5","570,7","25,8","23,3","25,9","25,5","23,8","23,2",89,86,86,264,0,0
2025/01/18,2100 UTC,0,1007,1007,"1006,6","230,9","25,7","23,6",26,"25,7","23,7","23,3",88,86,88,258,0,0
2025/01/18,2200 UTC,0,"1007,7","1007,7",1007,"23,6","25,3","23,7","25,7","25,3","23,8","23,6",91,88,91,254,0,0
2025/01/18,2300 UTC,0,"1008,3","1008,3","1007,7",,25,"23,8","25,3",25,"23,8","23,7",93,91,93,231,0,0
2025/01/19,0000 UTC,0,"1009,2","1009,2","1008,3",,"24,9","23,7",25,"24,8","23,8","23,6",93,93,93,188,0,0
2025/01/19,0100 UTC,0,1010,1010,"1009,2",,"24,9","23,8","24,9","24,8","23,8","23,7",94,93,94,135,0,0
2025/01/19,0200 UTC,0,"1009,8","1010,2","1009,8",,"23,9","22,8","24,9","23,9","23,8","22,8",94,93,94,182,"2,4",0
2025/01/19,0300 UTC,0,"1009,4","1009,8","1009,4",,"23,6","22,6","23,9","23,6","22,8","22,6",94,94,94,349,0,0
2025/01/19,0400 UTC,0,"1008,9","1009,4","1008,9",,"23,5","22,5","23,6","23,5","22,6","22,5",94,94,94,116,0,0
2025/01/19,0500 UTC,0,"1008,4","1008,9","1008,4",,"23,2","22,3","23,5","23,2","22,5","22,3",94,94,94,128,0,0
2025/01/19,0600 UTC,0,"1007,8","1008,4","1007,8",,"22,9",22,"23,3","22,9","22,3",22,95,94,95,153,0,0
2025/01/19,0700 UTC,0,"1007,2","1007,8","1007,2",,23,"22,1",23,"22,9","22,1",22,95,95,95,121,0,0
2025/01/19,0800 UTC,0,"1007,2","1007,2","1007,1",,23,"22,2",23,"22,9","22,2","22,1",95,95,95,151,1,0
2025/01/19,0900 UTC,0,"1007,5","1007,5","1007,2",,"22,8",22,23,"22,8","22,2",22,95,95,95,163,0,0
2025/01/19,1000 UTC,0,"1008,1","1008,1","1007,5","23,9",23,"22,2",23,"22,8","22,2",22,95,95,95,119,0,0
2025/01/19,1100 UTC,0,"1008,5","1008,5","1008,1","335,8","23,8","22,7","23,8",23,"22,7","22,1",95,94,94,121,0,0
2025/01/19,1200 UTC,0,"1008,8","1008,8","1008,5",1564,"25,3","22,6","25,5","23,8","23,3","22,5",94,85,85,195,0,0
2025/01/19,1300 UTC,0,"1009,2","1009,2","1008,8","2123,1","26,9","22,3","27,2","25,2","23,4",22,86,75,76,152,"0,9",0
2025/01/19,1400 UTC,0,"1009,1","1009,3","1009,1",2297,"27,9","22,3",28,"26,9","22,9","21,8",77,70,72,320,"2,7",0
2025/01/19,1500 UTC,0,"1008,6","1009,1","1008,6","1436,8","28,5","22,8","28,5","27,8","22,9","21,8",73,69,71,312,"1,9",0
2025/01/19,1600 UTC,0,"1007,9","1008,6","1007,9","1872,7","29,2","22,4","29,3","28,3","23,1","21,9",71,66,67,262,0,0
2025/01/19,1700 UTC,0,"1006,6","1007,9","1006,6","2577,2","29,4","23,8","30,4","29,1",24,22,72,63,72,279,"5,7","0,2"
2025/01/19,1800 UTC,0,"1006,6","1006,8","1006,4","604,6","25,2","22,4","29,5","25,1","23,7","21,4",84,68,84,11,"7,8","1,8"
2025/01/19,1900 UTC,0,"1006,5","1006,6","1005,9","339,9","24,1","22,1","25,2","23,9","22,4","21,9",89,83,89,19,"7,2",0
2025/01/19,2000 UTC,"0,8","1006,5","1006,7","1006,5","187,7","24,2","22,4","24,6",24,"22,7",22,90,87,90,348,0,0
2025/01/19,2100 UTC,"0,2",1007,1007,"1006,5","107,3","24,4","22,9","24,4","24,1","22,9","22,4",92,90,92,73,0,0
2025/01/19,2200 UTC,"1,2","1007,2","1007,3",1007,"10,2","24,3",23,"24,4","24,3","23,1","22,8",92,92,92,29,0,0
2025/01/19,2300 UTC,"0,4","1007,6","1007,6","1007,1",,"24,2",23,"24,4","24,2","23,2",23,93,92,93,108,0,0
2025/01/20,0000 UTC,0,"1008,5","1008,5","1007,6",,24,23,"24,2",24,"23,1","22,9",94,93,94,218,0,0
2025/01/20,0100 UTC,0,"1008,9","1008,9","1008,5",,"23,9","22,9","24,1","23,9",23,"22,9",94,94,94,196,0,0
2025/01/20,0200 UTC,0,1009,1009,"1008,9",,"23,8","22,9","23,9","23,8",23,"22,9",95,94,95,165,0,0
2025/01/20,0300 UTC,0,"1008,6",1009,"1008,6",,"23,8","22,9","23,8","23,7","22,9","22,8",95,95,95,74,0,0
2025/01/20,0400 UTC,0,1008,"1008,6",1008,,"23,8","22,9","23,9","23,8",23,"22,9",95,95,95,52,0,0
2025/01/20,0500 UTC,0,"1007,7",1008,"1007,7",,"23,8","22,9","23,8","23,8","22,9","22,8",95,94,95,330,0,0
2025/01/20,0600 UTC,0,"1007,1","1007,7","1007,1",,"23,5","22,6","23,8","23,5","22,9","22,6",95,95,95,326,0,0
2025/01/20,0700 UTC,0,1007,"1007,1","1006,9",,"23,4","22,6","23,5","23,4","22,7","22,5",95,95,95,326,0,0
2025/01/20,0800 UTC,0,"1007,1","1007,2",1007,,"23,5","22,7","23,6","23,4","22,7","22,6",95,95,95,79,0,0
2025/01/20,0900 UTC,0,"1007,6","1007,6","1007,1",,"23,6","22,7","23,6","23,5","22,7","22,6",95,95,95,51,0,0
2025/01/20,1000 UTC,0,"1008,4","1008,4","1007,6","43,8","23,5","22,7","23,6","23,4","22,8","22,5",95,95,95,258,0,0
2025/01/20,1100 UTC,0,"1009,2","1009,2","1008,4","321,7","23,9","23,1",24,"23,5","23,2","22,7",95,95,95,304,0,0
2025/01/20,1200 UTC,0,"1009,5","1009,6","1009,2",897,"24,9","23,6","25,1","23,9",24,23,95,92,92,31,0,0
2025/01/20,1300 UTC,0,"1009,6","1009,6","1009,5","1293,8","26,4","22,9","26,4","24,9",24,"22,8",92,81,81,30,0,0
2025/01/20,1400 UTC,0,"1009,7","1009,7","1009,6","1870,7","27,9","22,2","27,9","26,4","23,3","21,4",81,69,71,53,3,0
2025/01/20,1500 UTC,0,1009,"1009,7",1009,"2606,4",29,22,"29,4","27,8","22,7","21,4",71,64,66,79,"4,7",0
2025/01/20,1600 UTC,0,"1007,9",1009,"1007,9","2179,6","30,5","21,8","30,6","28,4","22,7","21,4",70,60,60,122,"3,7","0,2"
2025/01/20,1700 UTC,0,"1006,6","1007,9","1006,6","3317,5","30,7","20,8","31,3","29,7","22,4","20,3",62,55,56,127,"4,8",0
2025/01/20,1800 UTC,0,"1005,4","1006,6","1005,4","2073,4","31,1","21,4","31,6","29,9","22,6","20,5",62,54,56,113,0,0
2025/01/20,1900 UTC,0,"1004,5","1005,4","1004,5","1839,4","31,5","21,5","31,5","30,5","22,3","20,6",61,53,56,85,0,0
2025/01/20,2000 UTC,0,"1004,2","1004,5","1003,9","1000,7","29,6","21,9","31,6","29,6","21,9","20,6",64,52,64,34,7,"3,1"
2025/01/20,2100 UTC,0,"1004,9","1004,9","1004,2","180,9",28,"22,5","29,6",28,"22,6",22,72,64,72,12,7,"1,1"
2025/01/20,2200 UTC,0,"1005,8","1005,8","1004,9","29,3","26,6","22,6",28,"26,6","22,6",22,79,72,79,1,"6,6","0,5"
2025/01/20,2300 UTC,0,"1006,8","1006,8","1005,8",,26,23,"26,6",26,23,"22,6",84,79,84,18,"4,6",0
2025/01/21,0000 UTC,0,"1007,5","1007,5","1006,8",,"25,7","23,1",26,"25,7","23,2",23,86,84,86,25,"4,3",0
2025/01/21,0100 UTC,0,"1007,9",1008,"1007,5",,"25,5","23,1","25,7","25,5","23,2","23,1",87,86,87,30,"3,9",0
2025/01/21,0200 UTC,0,1008,1008,"1007,9",,"25,1",23,"25,5","25,1","23,1",23,88,87,88,28,0,0
2025/01/21,0300 UTC,0,"1007,7",1008,"1007,7",,"24,7",23,"25,1","24,7","23,1","22,9",90,88,90,35,0,0
2025/01/21,0400 UTC,0,"1007,3","1007,8","1007,3",,"24,4","22,9","24,7","24,4",23,"22,9",91,90,91,15,0,0
2025/01/21,0500 UTC,0,"1006,9","1007,3","1006,9",,"24,2","22,7","24,4","24,2","22,9","22,7",92,91,92,40,0,0
2025/01/21,0600 UTC,,,,,,,,,,,,,,,,,
2025/01/21,0700 UTC,0,"1006,4","1006,7","1006,4",,"23,8","22,5","24,1","23,8","22,7","22,5",92,92,92,43,0,0
2025/01/21,0800 UTC,0,"1006,4","1006,4","1006,2",,"23,8","22,5","23,9","23,8","22,6","22,5",93,92,93,46,0,0
2025/01/21,0900 UTC,0,"1006,8","1006,8","1006,4",,"23,4","22,2","23,9","23,4","22,6","22,2",93,93,93,103,0,0
2025/01/21,1000 UTC,0,"1007,4","1007,4","1006,8",76,"23,8","22,7","23,8","23,2","22,8","22,1",94,93,94,146,0,0
2025/01/21,1100 UTC,0,"1008,1","1008,1","1007,4","707,1",26,"24,2",26,"23,6","24,2","22,4",94,89,90,75,0,0
2025/01/21,1200 UTC,0,"1008,7","1008,7","1008,1",1365,"26,8","23,2",27,"25,6","24,1","23,1",90,80,81,43,0,0
2025/01/21,1300 UTC,0,1009,1009,"1008,7","1900,4","28,8","22,6","28,8","26,8","24,1","22,3",82,69,69,64,"6,1",1
2025/01/21,1400 UTC,0,"1009,1","1009,1","1008,9","1827,4","29,3","22,6","29,3","28,6","23,3","22,2",71,67,67,60,"5,6","0,3"
2025/01/21,1500 UTC,0,1009,"1009,3",1009,"2504,4","30,2","21,7",31,29,"23,4",21,69,57,61,92,"4,6","0,4"
2025/01/21,1600 UTC,0,"1007,6",1009,"1007,6","2453,3","30,9","21,7","31,1","30,2","23,1","21,3",64,57,58,132,"4,5","0,2"
2025/01/21,1700 UTC,0,"1006,2","1007,6","1006,2","2598,1","30,7","22,7","32,7","30,4","22,9","20,8",62,53,62,10,"5,1","0,1"
2025/01/21,1800 UTC,"0,4","1005,6","1006,6","1005,6","794,4","25,9","23,1","30,9","25,6","23,7","22,1",89,61,85,352,"11,8","0,7"
2025/01/21,1900 UTC,0,"1005,5","1005,9","1005,5","419,7","26,3",23,"26,5","25,9","23,4","22,6",85,80,82,345,5,0
2025/01/21,2000 UTC,0,"1005,6","1005,6","1005,2","687,8","26,9","23,3","26,9","26,1","23,8",23,85,80,81,16,0,0
2025/01/21,2100 UTC,0,"1005,7","1005,7","1005,5","253,4","27,1","23,4","27,2","26,9","23,5","22,9",81,78,80,350,0,0
2025/01/21,2200 UTC,0,1006,1006,"1005,7","14,2","26,6","23,4","27,1","26,6","23,6","23,3",83,80,83,6,0,0
2025/01/21,2300 UTC,0,"1006,2","1006,3",1006,,"25,7",23,"26,6","25,7","23,4","22,9",85,82,85,61,0,0
2025/01/22,0000 UTC,"0,2","1006,7","1006,7","1006,1",,"25,4","23,1","25,7","25,4","23,4",23,88,85,87,7,0,0
2025/01/22,0100 UTC,0,"1007,7","1007,7","1006,7",,"25,3","23,3","25,4","25,2","23,4",23,89,87,89,79,0,0
2025/01/22,0200 UTC,0,"1007,9","1007,9","1007,6",,"25,3","23,6","25,4","25,1","23,6","23,2",91,89,90,41,0,0
2025/01/22,0300 UTC,0,"1007,9",1008,"1007,8",,"25,2","23,5","25,4","25,2","23,6","23,5",90,90,90,70,0,0
2025/01/22,0400 UTC,0,"1007,6","1007,8","1007,6",,"24,4","23,1","25,2","24,4","23,6",23,92,90,92,231,0,0
2025/01/22,0500 UTC,0,1007,"1007,6",1007,,"24,3","23,1","24,5","24,3","23,3","23,1",93,92,93,191,0,0
2025/01/22,0600 UTC,0,"1006,3",1007,"1006,3",,"24,3","23,2","24,5","24,3","23,3","23,1",94,93,94,187,0,0
2025/01/22,0700 UTC,0,"1006,3","1006,4","1006,3",,"24,2","23,2","24,3","24,2","23,2","23,1",94,94,94,136,0,0
2025/01/22,0800 UTC,0,"1006,2","1006,5","1006,2",,24,23,"24,2",24,"23,2",23,94,94,94,138,0,0
2025/01/22,0900 UTC,0,"1006,7","1006,7","1006,2",,"23,6","22,6",24,"23,6",23,"22,6",95,94,94,160,0,0
2025/01/22,1000 UTC,0,"1007,3","1007,3","1006,7","45,2","23,8","22,9","23,8","23,5","22,9","22,6",95,94,95,100,0,0
2025/01/22,1100 UTC,0,"1007,9","1007,9","1007,3","445,9",25,"24,1",25,"23,8","24,1","22,9",95,94,95,111,0,0
2025/01/22,1200 UTC,0,"1008,4","1008,5","1007,9","1502,9","27,4","24,4","27,5","24,9","25,6",24,95,84,84,92,"3,8","0,1"
2025/01/22,1300 UTC,0,"1008,8","1008,8","1008,4","2101,9","29,2","23,5","29,3","27,3","24,8","23,3",84,71,71,68,"6,1","1,6"
2025/01/22,1400 UTC,0,"1008,5","1008,8","1008,4","2045,2","30,5","23,8","30,5",29,24,"22,4",72,66,68,62,"5,9",0
2025/01/22,1500 UTC,0,"1008,1","1008,5","1008,1","2098,6","31,3","23,4","31,3","29,8","23,8","22,2",68,62,63,68,"6,3","0,8"
2025/01/22,1600 UTC,0,"1006,9","1008,1","1006,9",2996,32,"22,2","32,3","30,8","23,6","21,9",63,55,56,104,"6,1","0,8"
2025/01/22,1700 UTC,0,"1005,8","1006,9","1005,8","1606,1","31,2","23,6","32,4","30,4","23,6","21,8",65,55,64,102,"7,3","1,5"
2025/01/22,1800 UTC,0,"1004,6","1005,8","1004,6","2143,1","30,8","22,9","32,4","30,6","24,1","22,2",65,56,63,40,"6,2","1,7"
2025/01/22,1900 UTC,0,"1004,4","1004,9","1004,3","547,7","29,4","23,1","30,8","29,4","23,5","22,6",69,62,69,51,"5,9","0,1"
2025/01/22,2000 UTC,0,"1004,6","1004,9","1004,2","220,3","27,5","23,3","29,4","27,5","23,8","22,5",78,68,78,329,"3,9",0
2025/01/22,2100 UTC,0,1005,"1005,1","1004,6","76,8","26,4","23,8","27,5","26,4","23,9","23,3",85,78,85,283,"1,3",0
2025/01/22,2200 UTC,0,"1005,6","1005,7",1005,"15,9","25,7","23,6","26,5","25,7",24,"23,6",88,85,88,313,0,0
2025/01/22,2300 UTC,0,"1006,6","1006,7","1005,6",,"25,6","23,9","25,8","25,5","23,9","23,6",90,88,90,273,0,0
2025/01/23,0000 UTC,0,"1007,4","1007,4","1006,6",,25,"23,6","25,6",25,"23,8","23,6",92,90,92,197,0,0
2025/01/23,0100 UTC,0,"1008,1","1008,1","1007,4",,25,"23,7","25,1",25,"23,8","23,6",92,92,92,193,0,0
2025/01/23,0200 UTC,0,"1008,3","1008,4","1008,1",,25,"23,7","25,1",25,"23,8","23,7",93,92,93,222,0,0
2025/01/23,0300 UTC,0,"1007,9","1008,3","1007,9",,25,"23,5","25,5","24,9","24,2","23,5",93,91,91,28,0,0
2025/01/23,0400 UTC,0,"1007,5","1007,9","1007,5",,"24,6","23,3",25,"24,5","23,6","23,3",93,91,93,278,0,0
2025/01/23,0500 UTC,0,"1006,8","1007,5","1006,8",,"24,7","23,5","24,7","24,4","23,5","23,1",93,93,93,11,0,0
2025/01/23,0600 UTC,0,"1006,7","1006,9","1006,6",,24,"22,9","24,7","23,9","23,5","22,9",94,93,94,280,0,0
2025/01/23,0700 UTC,0,"1006,1","1006,7","1006,1",,"23,6","22,6",24,"23,5","22,9","22,5",94,94,94,195,0,0
2025/01/23,0800 UTC,0,"1006,5","1006,5","1006,1",,"23,4","22,4","23,6","23,3","22,6","22,4",94,94,94,168,0,0
2025/01/23,0900 UTC,0,"1006,9","1006,9","1006,4",,"23,3","22,4","23,5","23,2","22,5","22,3",95,94,95,184,0,0
2025/01/23,1000 UTC,0,1007,1007,"1006,8","35,8","23,6","22,8","23,6","23,3","22,8","22,4",95,95,95,259,0,0
2025/01/23,1100 UTC,0,"1007,8","1007,8",1007,"503,1",25,"24,1","25,1","23,6","24,2","22,8",95,94,94,167,0,0
2025/01/23,1200 UTC,0,"1008,3","1008,3","1007,8","911,3","26,6","24,7","26,7",25,"25,2","24,1",95,89,89,20,0,0
2025/01/23,1300 UTC,0,"1008,2","1008,5","1008,2","1700,1","28,8","24,5","28,8","26,6",25,"23,6",90,77,78,41,"5,4",0
2025/01/23,1400 UTC,0,"1007,9","1008,2","1007,9","1745,6","30,1","24,1","30,1","28,5","24,6","23,1",78,69,70,23,"5,6","0,1"
2025/01/23,1500 UTC,0,"1007,6","1007,9","1007,6","2443,5",31,"22,5","31,7","30,1","24,2",22,71,60,61,90,7,"0,1"
2025/01/23,1600 UTC,0,"1006,5","1007,6","1006,5","2539,3","31,5",22,"32,5","30,4","23,4","21,8",65,56,57,48,"5,2",0
2025/01/23,1700 UTC,0,"1005,3","1006,5","1005,3","1615,1","31,2","22,6","32,6","31,2","23,3","21,7",60,54,60,82,"4,8",0
2025/01/23,1800 UTC,"0,4","1004,7","1005,4","1004,6","1196,4","28,2","23,7","31,2","28,2","25,4","22,9",77,60,76,7,"6,5","0,6"
2025/01/23,1900 UTC,0,"1004,6","1004,9","1004,6","480,5","26,9","23,7","28,2","26,9","24,2","23,4",84,76,83,286,"4,3",0
2025/01/23,2000 UTC,"39,2",1006,"1006,4","1004,4","18,2","23,4","22,3","26,9","23,3","23,9","22,2",94,83,94,65,"6,8","1,7"
2025/01/23,2100 UTC,3,1006,"1006,1","1005,1","7,7","22,7","21,6","23,4","22,5","22,4","21,3",94,93,93,11,"7,9","0,4"
2025/01/23,2200 UTC,"2,8","1005,8","1006,1","1005,6",,"22,7","21,5","22,9","22,6","21,8","21,5",94,93,93,2,"3,4",0
2025/01/23,2300 UTC,"2,2","1006,6","1006,6","1005,7",,"22,7","21,6","22,7","22,5","21,6","21,5",94,93,94,36,0,0
2025/01/24,0000 UTC,"0,2","1007,1","1007,1","1006,5",,23,"21,9",23,"22,6","21,9","21,6",94,93,93,78,0,0
2025/01/24,0100 UTC,0,"1008,1","1008,1","1007,2",,"23,5","22,5","23,5",23,"22,5","21,9",94,93,94,12,0,0
2025/01/24,0200 UTC,0,"1007,6","1008,1","1007,6",,"23,4","22,2","23,6","23,4","22,5","22,2",94,93,93,26,0,0
2025/01/24,0300 UTC,0,"1007,5","1007,8","1007,5",,"23,2",22,"23,4","23,2","22,1",22,93,93,93,16,0,0
2025/01/24,0400 UTC,0,"1006,9","1007,5","1006,9",,"23,2",22,"23,3","23,2",22,"21,9",93,93,93,27,0,0
2025/01/24,0500 UTC,0,1006,"1006,9",1006,,"23,2",22,"23,2","23,2",22,"21,9",93,93,93,346,0,0
2025/01/24,0600 UTC,0,"1004,9",1006,"1004,9",,"23,1",22,"23,2","23,1","22,1",22,94,93,94,316,0,0
2025/01/24,0700 UTC,0,"1005,4","1005,5","1004,7",,"23,5","22,4","23,5","22,9","22,4","21,8",94,94,94,51,0,0
2025/01/24,0800 UTC,0,"1005,8","1005,8","1005,4",,"23,5","22,4","23,6","23,4","22,5","22,4",94,93,94,22,0,0
2025/01/24,0900 UTC,"0,8",1006,"1006,1","1005,8",,"23,5","22,5","23,6","23,4","22,5","22,4",94,94,94,352,"0,7",0
2025/01/24,1000 UTC,0,"1007,1","1007,1",1006,"3,4","23,4","22,5","23,5","23,3","22,5","22,3",95,94,95,168,0,0
2025/01/24,1100 UTC,"9,8","1008,4","1008,6","1007,1","35,4","21,5","20,6","23,4","21,4","22,5","20,5",95,94,95,145,"8,9","1,7"
2025/01/24,1200 UTC,18,"1008,9","1009,6","1008,4","42,6","21,7","20,9","21,7","21,5","20,9","20,6",95,95,95,152,"5,9",0
2025/01/24,1300 UTC,"3,4","1009,6","1009,7","1008,9","113,2","22,1","21,3","22,1","21,7","21,3","20,9",95,95,95,36,0,0
2025/01/24,1400 UTC,"2,8","1008,9","1009,7","1008,7","283,6","22,5","21,7","22,6","22,1","21,7","21,3",95,95,95,142,"2,4",0
2025/01/24,1500 UTC,1,"1008,5","1009,3","1008,5","449,9","22,7","21,8","22,9","22,5",22,"21,6",95,95,95,145,4,0
2025/01/24,1600 UTC,0,"1007,6","1008,5","1007,6","736,6","23,5","22,5","23,6","22,7","22,6","21,8",95,94,94,82,0,0
2025/01/24,1700 UTC,0,"1005,8","1007,6","1005,8","729,1","24,2","22,8","24,2","23,5",23,"22,4",94,92,92,95,0,0
2025/01/24,1800 UTC,0,"1005,1","1005,8","1005,1","655,8","24,7",23,"24,7","24,2","23,1","22,6",92,90,90,98,0,0
2025/01/24,1900 UTC,0,"1004,2","1005,1","1004,1","1223,3","26,1","22,8","26,2","24,7","23,6","22,7",90,82,82,91,"2,7",0
2025/01/24,2000 UTC,0,"1004,1","1004,2",1004,"1279,4","26,3","22,3",27,26,"23,3","22,1",83,76,79,64,"3,8","0,1"
2025/01/24,2100 UTC,0,"1004,6","1004,6","1004,1","463,3","25,9","22,9","26,4","25,8","22,9","22,2",84,78,84,55,"4,2",0
2025/01/24,2200 UTC,0,1005,1005,"1004,6","70,3",25,23,"25,9",25,23,"22,7",89,83,89,16,0,0
2025/01/24,2300 UTC,0,1006,1006,1005,,"24,6",23,25,"24,6","23,2",23,91,89,91,51,0,0
2025/01/25,0000 UTC,0,"1006,7","1006,7",1006,,"23,9","22,6","24,6","23,9",23,"22,6",93,91,93,247,0,0
2025/01/25,0100 UTC,0,"1007,5","1007,5","1006,7",,"23,6","22,5","23,9","23,6","22,7","22,5",94,93,94,39,0,0
2025/01/25,0200 UTC,0,"1007,7","1007,7","1007,5",,"23,5","22,5","23,7","23,5","22,7","22,5",94,93,94,308,0,0
2025/01/25,0300 UTC,0,"1007,3","1007,7","1007,3",,"23,2","22,2","23,5","23,2","22,5","22,2",94,94,94,268,0,0
2025/01/25,0400 UTC,0,"1006,7","1007,3","1006,7",,"23,2","22,2","23,2","23,1","22,3","22,1",95,94,95,270,0,0
2025/01/25,0500 UTC,0,"1006,2","1006,8","1006,2",,23,"22,1","23,2","22,8","22,2","21,9",95,94,95,248,0,0
2025/01/25,0600 UTC,0,"1006,1","1006,2","1005,9",,"23,5","22,6","23,5",23,"22,6","22,2",95,95,95,174,0,0
2025/01/25,0700 UTC,0,1006,"1006,2","1005,9",,"23,4","22,5","23,6","23,4","22,7","22,5",95,95,95,348,0,0
2025/01/25,0800 UTC,0,"1005,8",1006,"1005,8",,"23,4","22,6","23,6","23,4","22,8","22,5",95,95,95,266,0,0
2025/01/25,0900 UTC,0,"1006,2","1006,2","1005,8",,"23,5","22,7","23,5","23,3","22,7","22,5",95,95,95,116,0,0
2025/01/25,1000 UTC,0,"1006,8","1006,8","1006,2","35,5","23,8",23,"23,8","23,5",23,"22,7",95,95,95,39,0,0
2025/01/25,1100 UTC,0,"1007,5","1007,5","1006,8","358,6","24,5","23,6","24,5","23,8","23,6",23,95,95,95,111,0,0
2025/01/25,1200 UTC,0,"1008,3","1008,3","1007,5","1048,3",26,"24,3","26,1","24,4","24,6","23,4",95,90,90,96,0,0
2025/01/25,1300 UTC,0,"1008,5","1008,6","1008,3","1756,9","27,7","24,4","27,7","25,8","24,7","23,3",91,81,82,113,"4,4",0
2025/01/25,1400 UTC,0,"1008,4","1008,5","1008,4","2148,5","28,6","23,1","29,2","27,6","24,3","22,8",82,71,72,60,"5,2","0,2"
2025/01/25,1500 UTC,0,"1007,6","1008,4","1007,6","2195,4",30,"22,9","30,3","28,6","24,5","22,8",73,65,66,73,"4,9","0,4"
2025/01/25,1600 UTC,0,"1006,8","1007,7","1006,7","2785,9","29,1","22,8","31,3",29,"24,1","22,6",73,63,69,75,"7,6","2,5"
2025/01/25,1700 UTC,"3,6","1006,1","1007,1","1005,9","1181,9",27,24,"29,1",26,25,"22,9",89,69,84,323,"7,6",0
2025/01/25,1800 UTC,"1,6","1005,5","1006,3","1005,4","314,9","25,8","24,2","27,1","25,6","24,2","23,2",91,83,91,173,6,0
2025/01/25,1900 UTC,0,"1005,1","1005,5","1004,9",159,"25,7","24,4","25,8","25,5","24,4",24,93,91,93,284,0,0
2025/01/25,2000 UTC,0,"1004,7","1005,2","1004,5","216,2","26,1","24,5","26,1","25,7","24,8","24,4",93,91,91,317,0,0
2025/01/25,2100 UTC,0,"1005,8","1005,8","1004,7",253,"26,4","24,9","26,6","26,1","25,1","24,6",92,91,92,207,0,0
2025/01/25,2200 UTC,"0,8",1006,"1006,1","1005,8","6,1","26,1","24,8","26,4",26,"24,9","24,8",93,92,93,340,0,0
2025/01/25,2300 UTC,"1,2","1006,1","1006,3",1006,,"25,7","24,6","26,1","25,6","24,7","24,5",94,93,94,264,0,0
2025/01/26,0000 UTC,"0,2","1007,7","1007,7","1006,1",,"25,4","24,4","25,7","25,3","24,5","24,3",94,94,94,130,0,0
2025/01/26,0100 UTC,0,"1007,7",1008,"1007,7",,"25,1","24,1","25,4","25,1","24,4","24,1",94,94,94,232,0,0
2025/01/26,0200 UTC,0,"1007,9","1008,1","1007,7",,"24,6","23,7","25,1","24,6","24,2","23,7",95,94,95,164,0,0
2025/01/26,0300 UTC,0,"1007,5","1007,9","1007,5",,"24,6","23,7","24,7","24,5","23,8","23,7",95,95,95,55,0,0
2025/01/26,0400 UTC,0,"1007,1","1007,5","1007,1",,"24,5","23,7","24,7","24,5","23,8","23,7",95,95,95,183,0,0
2025/01/26,0500 UTC,0,"1006,1","1007,1","1006,1",,"24,4","23,5","24,5","24,4","23,7","23,5",95,95,95,244,0,0
2025/01/26,0600 UTC,0,"1005,8","1006,1","1005,8",,"24,1","23,3","24,4","24,1","23,5","23,3",95,95,95,202,0,0
2025/01/26,0700 UTC,0,"1005,9","1005,9","1005,6",,"23,8",23,"24,2","23,8","23,4",23,95,95,95,131,0,0
2025/01/26,0800 UTC,0,"1006,1","1006,1","1005,8",,"23,8",23,"23,8","23,7","23,1","22,9",95,95,95,236,0,0
2025/01/26,0900 UTC,0,"1006,9","1006,9","1006,1",,"23,5","22,7","23,8","23,5",23,"22,7",96,95,96,147,0,0
2025/01/26,1000 UTC,0,"1007,6","1007,6","1006,9",24,"23,5","22,7","23,5","23,4","22,7","22,6",96,96,96,221,0,0
2025/01/26,1100 UTC,0,"1008,2","1008,2","1007,6","343,2",24,"23,3","24,1","23,5","23,3","22,7",96,95,95,186,0,0
2025/01/26,1200 UTC,"0,2","1008,6","1008,6","1008,2","1304,6","26,1","25,1","26,1",24,"25,1","23,3",96,94,94,155,0,0
2025/01/26,1300 UTC,0,"1009,1","1009,1","1008,6","1686,1","27,4","25,1","27,4","25,9","25,7","24,8",94,87,87,57,0,0
2025/01/26,1400 UTC,0,"1008,8","1009,1","1008,8","1941,9",29,"23,9","29,2","27,4","25,2","22,9",87,71,74,46,5,"0,4"
2025/01/26,1500 UTC,0,"1008,5","1008,8","1008,5","2062,6","29,8","23,2","30,3","28,8","24,3","22,3",75,64,68,34,"5,6","0,7"
2025/01/26,1600 UTC,0,"1007,5","1008,5","1007,5","1683,7","30,2","22,8","31,1","29,5","23,8","22,6",71,62,64,18,"5,6","0,5"
2025/01/26,1700 UTC,0,"1006,2","1007,5","1006,1","2098,3","30,8","23,6","31,4",30,"23,9","22,5",68,61,65,179,6,"0,5"
2025/01/26,1800 UTC,"0,4","1005,2","1006,2","1005,2","592,3","26,7","23,8","30,9","26,6","24,6","22,7",84,65,84,249,"6,2",0
2025/01/26,1900 UTC,"1,6",1006,1006,"1005,2","458,6","24,4","22,4","27,1","24,4","24,1","22,4",89,82,89,351,"5,5","1,4"
2025/01/26,2000 UTC,"4,6","1005,7",1006,"1005,3","229,1","22,9","20,8","24,5","22,9",23,"20,8",92,88,88,342,"5,5","0,9"
2025/01/26,2100 UTC,0,"1005,6","1005,9","1005,5","217,9","23,4","21,7","23,4","22,9","21,7","20,8",91,88,91,11,"5,6",0
2025/01/26,2200 UTC,"0,2","1005,5","1005,7","1005,5","29,7","23,3","21,8","23,5","23,2","21,9","21,7",92,90,92,130,0,0
2025/01/26,2300 UTC,0,"1006,4","1006,4","1005,4",,"23,5","22,2","23,6","23,2","22,3","21,8",93,92,92,20,0,0
2025/01/27,0000 UTC,0,1007,"1007,1","1006,4",,"23,7","21,9","23,7","23,5","22,2","21,8",92,90,90,38,0,0
2025/01/27,0100 UTC,0,"1008,1","1008,1",1007,,"23,8",22,"23,8","23,7",22,"21,8",90,89,90,80,0,0
2025/01/27,0200 UTC,0,"1008,2","1008,3","1007,9",,"23,6","22,1","23,8","23,6","22,2","21,9",91,90,91,129,0,0
2025/01/27,0300 UTC,0,"1007,7","1008,3","1007,7",,"23,6","22,3","23,6","23,5","22,3",22,93,91,93,114,0,0
2025/01/27,0400 UTC,0,"1007,3","1007,8","1007,3",,"23,5","22,4","23,7","23,5","22,5","22,3",93,93,93,114,0,0
2025/01/27,0500 UTC,0,"1006,8","1007,3","1006,8",,"23,4","22,3","23,5","23,4","22,4","22,3",94,93,94,133,0,0
2025/01/27,0600 UTC,0,"1006,1","1006,8","1006,1",,"23,1","22,1","23,4","23,1","22,3","22,1",94,94,94,216,0,0
2025/01/27,0700 UTC,0,"1005,4","1006,1","1005,4",,23,"22,1","23,1",23,"22,2",22,95,94,95,120,0,0
2025/01/27,0800 UTC,0,"1005,8","1005,8","1005,4",,"23,2","22,3","23,2",23,"22,4","22,1",95,95,95,137,0,0
2025/01/27,0900 UTC,"0,2","1006,2","1006,2","1005,8",,"23,6","22,7","23,6","23,2","22,7","22,3",95,95,95,149,"3,3",0
2025/01/27,1000 UTC,0,"1006,5","1006,6","1006,2","39,8","23,4","22,5","23,6","23,3","22,7","22,4",95,95,95,140,"2,4",0
2025/01/27,1100 UTC,0,"1007,1","1007,1","1006,5","284,7","23,5","22,4","23,6","23,3","22,6","22,3",95,93,93,59,"3,2",0
2025/01/27,1200 UTC,0,"1007,2","1007,2","1006,9","1383,5","25,6","22,6","25,8","23,5","23,4","22,3",93,84,84,34,"2,1",0
2025/01/27,1300 UTC,0,"1007,9","1007,9","1007,2","2030,3","27,6","22,8","28,1","25,5","23,9","22,3",84,74,75,57,"2,8",0
2025/01/27,1400 UTC,0,"1007,9","1008,2","1007,6","2343,5","29,5","23,6","29,5","27,4",24,"22,6",78,69,71,41,"2,8",0
2025/01/27,1500 UTC,0,"1007,7",1008,"1007,7","2221,9","29,5","22,2","30,4","28,7","23,9","22,2",72,64,65,55,5,"0,3"
2025/01/27,1600 UTC,0,"1006,7","1007,7","1006,7","2773,9","30,5",21,31,"29,4","23,9",21,70,57,57,95,"5,4","0,8"
2025/01/27,1700 UTC,0,1006,"1006,7",1006,"1908,8","29,8","23,1",31,"29,8","23,3","21,1",68,57,67,15,"5,9","2,3"
2025/01/27,1800 UTC,0,"1005,1",1006,"1004,9","867,9","28,9","22,6",30,"28,9","23,8","22,5",72,67,69,31,"6,6","2,7"
2025/01/27,1900 UTC,0,"1004,7",1005,"1004,4","507,9","28,6","22,7","28,9","28,4","23,3","22,3",73,68,70,60,"6,3",0
2025/01/27,2000 UTC,0,1004,"1004,7",1004,"347,6","28,6","22,2","28,9","28,5","23,1","22,1",71,68,68,74,"6,3","0,8"
2025/01/27,2100 UTC,0,"1003,9","1004,2","1003,9","183,8","27,8","22,1","28,6","27,8","22,3","21,6",71,67,71,83,"6,3",0
2025/01/27,2200 UTC,0,1004,"1004,1","1003,8","30,1","27,2",22,"27,8","27,2","22,2",22,73,71,73,59,"2,2",0
2025/01/27,2300 UTC,0,"1004,9","1004,9",1004,,"26,6","22,2","27,2","26,6","22,5","22,1",77,73,77,44,4,"0,2"
2025/01/28,0000 UTC,0,"1006,4","1006,4","1004,9",,26,"22,3","26,6",26,"22,3","22,2",80,77,80,33,4,0
2025/01/28,0100 UTC,0,"1007,1","1007,1","1006,4",,"25,5","22,4",26,"25,5","22,4","22,2",83,80,83,30,0,0
2025/01/28,0200 UTC,0,"1007,6","1007,6","1007,1",,"25,5","22,8","25,5","25,3","22,8","22,4",85,83,85,51,"1,7",0
2025/01/28,0300 UTC,0,"1007,3","1007,6","1007,3",,"25,3","22,8","25,5","25,3","22,9","22,7",86,85,86,50,"3,3",0
2025/01/28,0400 UTC,0,1007,"1007,4",1007,,25,23,"25,3",25,23,"22,8",89,86,89,68,"2,6",0
2025/01/28,0500 UTC,0,"1006,4","1007,1","1006,4",,"24,8","23,1",25,"24,8","23,1","22,9",90,89,90,62,0,0
2025/01/28,0600 UTC,0,"1005,4","1006,4","1005,4",,"24,5",23,"24,8","24,5","23,1",23,91,90,91,74,0,0
2025/01/28,0700 UTC,0,"1005,2","1005,3","1005,1",,"24,3",23,"24,6","24,3","23,2",23,92,91,92,106,0,0
2025/01/28,0800 UTC,0,"1005,3","1005,4","1005,2",,"23,9","22,8","24,3","23,9",23,"22,8",93,92,93,120,0,0
2025/01/28,0900 UTC,0,"1005,3","1005,4","1005,1",,"23,5","22,5","23,9","23,5","22,8","22,5",94,93,94,128,0,0
2025/01/28,1000 UTC,0,"1005,9","1005,9","1005,2","32,5","23,7","22,7","23,7","23,5","22,7","22,5",95,94,95,145,0,0
2025/01/28,1100 UTC,0,"1006,7","1006,7","1005,9","580,4","25,4","24,2","25,4","23,6","24,2","22,7",95,93,93,90,0,0
2025/01/28,1200 UTC,0,"1007,3","1007,3","1006,7","1476,2","27,7","23,9","27,7","25,4","24,4","23,6",93,80,80,68,"4,8","0,4"
2025/01/28,1300 UTC,0,"1007,6","1007,6","1007,3","1896,6","29,1","23,6","29,4","27,5","24,3","23,4",81,71,72,53,"7,4","2,4"
2025/01/28,1400 UTC,0,"1007,5","1007,7","1007,5",2525,"29,8","22,8","30,8","28,8","24,3","22,7",74,64,66,56,"8,1","1,2"
2025/01/28,1500 UTC,0,1007,"1007,5",1007,"2570,8","31,7","23,1","31,7","29,8",24,"22,5",68,60,60,69,"8,8","0,8"
2025/01/28,1600 UTC,0,1006,1007,1006,"2541,6","32,1","22,8","32,5","30,6","23,8","22,3",64,56,58,69,"7,2","1,4"
2025/01/28,1700 UTC,0,"1004,9",1006,"1004,8","1870,2","31,8","23,2","32,8","30,7","24,4","22,1",68,55,60,120,"7,2","0,2"
2025/01/28,1800 UTC,0,"1003,3","1004,9","1003,3","2864,2","33,5","22,2","33,6","31,8","23,8","21,9",61,51,52,95,"6,2","0,5"
2025/01/28,1900 UTC,0,"1002,5","1003,3","1002,4","2300,3","32,7","21,9","33,5","31,2","23,3","20,9",57,50,53,23,"7,2","0,2"
2025/01/28,2000 UTC,"0,4","1002,3","1002,6","1002,2","1251,3","28,7","24,2","33,4","28,7","24,3","21,5",77,51,77,354,"7,8","1,4"
2025/01/28,2100 UTC,0,"1002,3","1002,4","1002,1","126,7","28,1","23,8","28,7","28,1","24,2","23,5",78,74,77,328,"5,4","0,1"
2025/01/28,2200 UTC,0,"1002,8","1002,9","1002,3","25,6","27,5",24,"28,2","27,5","24,2","23,8",81,77,81,20,"4,6",0
2025/01/28,2300 UTC,0,"1004,4","1004,4","1002,8",,"27,4","23,1","27,5","27,4",24,"23,1",81,77,77,47,"5,3",0
2025/01/29,0000 UTC,0,"1005,7","1005,7","1004,4",,"25,9","23,7","27,4","25,9","23,8","22,8",88,76,88,156,0,0
2025/01/29,0100 UTC,0,"1006,2","1006,3","1005,8",,"26,3","23,4","26,4","25,7",24,"23,3",89,84,84,47,0,0
2025/01/29,0200 UTC,0,"1007,1","1007,1","1006,2",,"26,1","23,4","26,4","26,1","23,4","23,3",85,83,85,131,0,0
2025/01/29,0300 UTC,0,"1006,8","1007,2","1006,8",,"25,8","23,4","26,1","25,6","23,7","23,3",88,85,87,37,0,0
2025/01/29,0400 UTC,0,"1006,2","1006,8","1006,2",,"25,3","23,4","25,9","25,3","23,5","23,4",89,87,89,29,0,0
2025/01/29,0500 UTC,0,"1005,4","1006,2","1005,4",,"25,1","23,5","25,3","25,1","23,6","23,4",91,89,91,20,0,0
2025/01/29,0600 UTC,0,"1004,6","1005,4","1004,6",,25,"23,5","25,1",25,"23,6","23,5",92,91,92,10,0,0
2025/01/29,0700 UTC,0,"1004,4","1004,7","1004,4",,"24,8","23,4",25,"24,8","23,6","23,4",92,92,92,19,0,0
2025/01/29,0800 UTC,0,"1004,5","1004,5","1004,3",,"24,6","23,3","24,8","24,5","23,5","23,3",93,92,93,26,0,0
2025/01/29,0900 UTC,0,"1004,7","1004,8","1004,5",,"24,5","23,3","24,6","24,4","23,4","23,3",93,93,93,19,0,0
2025/01/29,1000 UTC,0,"1005,3","1005,3","1004,7","33,5","24,5","23,4","24,5","24,3","23,4","23,2",94,93,94,5,0,0
2025/01/29,1100 UTC,0,"1006,2","1006,2","1005,3","578,7","26,1","24,3","26,1","24,5","24,3","23,4",94,90,90,28,"2,6",0
2025/01/29,1200 UTC,0,"1007,1","1007,1","1006,2","1543,5","28,4","24,4","28,4","26,1","24,6","23,9",90,79,79,37,"6,5","1,2"
2025/01/29,1300 UTC,0,"1007,5","1007,6",1007,"2114,5","29,5",23,"29,7","28,3","24,7",23,80,68,68,52,"8,5",2
2025/01/29,1400 UTC,0,"1007,9",1008,"1007,5","1859,1","30,6","22,8",31,"29,3","23,9","22,8",71,63,63,72,"7,8","1,4"
2025/01/29,1500 UTC,0,"1007,2","1007,9","1007,2","2301,7","32,1","22,8","32,4",30,"23,9","22,2",65,57,58,78,"7,4",1
2025/01/29,1600 UTC,0,"1006,1","1007,2","1006,1","2761,2",32,"23,5","32,7","31,2","23,9","21,8",63,54,61,15,"8,6","1,9"
2025/01/29,1700 UTC,0,"1004,9","1006,1","1004,8","2321,7","32,3",22,"33,2","31,7","24,3","21,9",62,54,55,24,"9,3","3,5"
2025/01/29,1800 UTC,"0,2","1003,9","1004,9","1003,9","938,8","29,1","24,1","32,3","28,2","24,4",22,78,55,74,11,"9,4",0
2025/01/29,1900 UTC,0,"1002,9","1003,9","1002,8","424,8","29,1","24,2","29,4","28,4","24,5","23,1",76,72,75,351,"2,3",0
2025/01/29,2000 UTC,0,"1002,7",1003,"1002,6","293,8","28,8","24,8","29,7","28,8","24,8","23,1",79,68,79,207,3,0
2025/01/29,2100 UTC,0,"1002,8","1002,8","1002,5","229,9","29,4","22,3","29,5","28,6","25,1","22,3",81,66,66,37,"4,3","0,1"
2025/01/29,2200 UTC,0,"1003,5","1003,5","1002,8","65,7","28,6","22,4","29,4","28,5","22,4","22,2",70,66,69,40,"4,3",0
2025/01/29,2300 UTC,0,"1004,5","1004,5","1003,5",,"27,5","22,6","28,6","27,5","22,6","22,4",75,69,75,34,5,0
2025/01/30,0000 UTC,0,"1005,5","1005,5","1004,5",,"26,9","22,6","27,5","26,9","22,6","22,5",77,75,77,36,"3,5",0
2025/01/30,0100 UTC,0,"1006,5","1006,5","1005,5",,"26,3","22,9","26,9","26,3",23,"22,6",82,78,82,30,0,0
2025/01/30,0200 UTC,0,"1006,7","1006,8","1006,5",,"26,1","23,3","26,3",26,"23,3",23,85,82,85,26,0,0
2025/01/30,0300 UTC,0,"1006,6","1006,9","1006,6",,"25,8","23,5","26,1","25,7","23,5","23,2",87,85,87,48,0,0
2025/01/30,0400 UTC,0,"1005,9","1006,6","1005,9",,"25,5","23,5","25,8","25,5","23,6","23,4",89,87,89,9,0,0
2025/01/30,0500 UTC,0,"1005,2","1005,9","1005,2",,"25,2","23,5","25,5","25,2","23,6","23,4",90,89,90,12,0,0
2025/01/30,0600 UTC,0,"1004,5","1005,2","1004,5",,"25,3","23,7","25,4","25,1","23,7","23,4",91,90,90,39,0,0
2025/01/30,0700 UTC,0,"1004,2","1004,5","1004,2",,25,"23,3","25,3",25,"23,6","23,3",91,90,90,20,0,0
2025/01/30,0800 UTC,0,"1004,5","1004,5","1004,2",,"24,6","23,1",25,"24,6","23,3","23,1",91,90,91,57,0,0
2025/01/30,0900 UTC,0,"1005,3","1005,4","1004,5",,"24,8","23,3","24,8","24,6","23,4","23,1",92,91,91,27,0,0
2025/01/30,1000 UTC,0,"1005,8","1005,8","1005,3","34,5","24,8","23,5","24,8","24,5","23,5","23,1",92,91,92,50,0,0
2025/01/30,1100 UTC,0,"1006,6","1006,6","1005,8",266,"25,8","23,8","25,8","24,8","23,9","23,5",92,89,89,94,0,0
2025/01/30,1200 UTC,0,"1007,3","1007,3","1006,6","1157,9","28,3","25,1","28,3","25,8","25,1","23,9",89,82,83,61,"2,2",0
2025/01/30,1300 UTC,0,"1007,5","1007,8","1007,3","1538,4","28,8","24,1","28,8","27,7","24,9","23,5",83,74,76,71,"8,8","2,3"
2025/01/30,1400 UTC,0,"1007,1","1007,5","1006,9","2727,4","30,9","23,3","31,1","28,8","24,2","22,7",76,64,64,46,"8,8","0,4"
2025/01/30,1500 UTC,0,"1007,1","1007,2",1007,"2061,9","31,2","22,6","31,5","30,4","24,3","22,1",67,59,60,58,"8,4","2,1"
2025/01/30,1600 UTC,0,"1006,2","1007,2","1006,2","3032,2","31,6",22,"32,3",31,"23,5","21,5",61,56,57,19,"8,7",2
2025/01/30,1700 UTC,2,"1004,9","1006,4","1004,9","1720,1","30,5","23,7","31,6","27,6","24,5","21,9",79,57,67,58,"8,9","0,1"
2025/01/30,1800 UTC,0,"1003,4","1004,9","1003,4","2661,8","32,6","22,2","32,6","30,5","24,1","21,4",67,53,54,26,"6,8","1,4"
2025/01/30,1900 UTC,0,1003,"1003,4",1003,"2072,5","32,2","22,2","33,1","31,4","23,2","21,7",59,53,56,32,"8,1","2,7"
2025/01/30,2000 UTC,"1,8","1003,3","1003,3","1002,9","1133,7","28,8","23,5","32,7","27,7","24,8","21,8",81,54,73,1,"9,8","1,8"
2025/01/30,2100 UTC,0,"1003,2","1003,4","1003,2","217,4","28,9","23,3",29,"28,7","23,9","23,2",74,72,72,27,"6,9","1,3"
2025/01/30,2200 UTC,0,1004,"1004,2","1003,2",27,"28,1","23,3","28,9","28,1","23,3","22,9",75,71,75,358,"6,3","0,3"
2025/01/30,2300 UTC,0,"1005,3","1005,3",1004,,"27,6","23,1","28,1","27,5","23,3",23,77,75,77,33,5,0
2025/01/31,0000 UTC,0,"1006,4","1006,4","1005,3",,"27,1","23,6","27,6","27,1","23,6","23,1",81,77,81,38,0,0
2025/01/31,0100 UTC,"0,2","1006,9","1007,1","1006,4",,"26,3","23,2","27,1","26,3",24,"23,2",85,81,83,45,"7,1","0,5"
2025/01/31,0200 UTC,0,"1006,6","1006,9","1006,5",,"25,6","23,3","26,3","25,6","23,3","22,9",87,83,87,28,"4,4","0,1"
2025/01/31,0300 UTC,0,"1006,3","1006,6","1006,3",,"25,3","23,4","25,6","25,3","23,4","23,3",89,87,89,356,"3,5",0
2025/01/31,0400 UTC,0,"1005,6","1006,3","1005,6",,"25,2","23,4","25,3","25,2","23,5","23,4",90,89,90,59,0,0
2025/01/31,0500 UTC,0,1005,"1005,6",1005,,"25,3","23,3","25,3","25,2","23,4","23,3",90,89,89,53,0,0
2025/01/31,0600 UTC,0,"1004,5",1005,"1004,5",,"25,2","23,2","25,4","25,2","23,3","23,2",89,88,89,22,0,0
2025/01/31,0700 UTC,0,"1004,2","1004,5","1004,1",,25,"23,2","25,2",25,"23,3","23,2",90,89,90,109,0,0
2025/01/31,0800 UTC,0,"1004,4","1004,4","1004,1",,25,"23,4","25,1",25,"23,4","23,2",91,90,91,144,0,0
2025/01/31,0900 UTC,0,"1004,9","1004,9","1004,4",,"24,9","23,6",25,"24,8","23,6","23,4",92,91,92,199,0,0
2025/01/31,1000 UTC,0,"1005,4","1005,4","1004,9","22,1","24,9","23,7",25,"24,9","23,7","23,5",93,92,93,105,0,0
2025/01/31,1100 UTC,0,"1006,1","1006,1","1005,4","389,5","26,1","24,3","26,1","24,9","24,3","23,7",93,90,90,105,0,0
2025/01/31,1200 UTC,0,"1006,9","1006,9","1006,1","872,9","27,6","24,4","27,7","26,1","24,9","23,9",90,82,82,48,0,0
2025/01/31,1300 UTC,0,"1007,1","1007,1","1006,9","705,9","27,9","24,1","28,1","27,6","24,7",24,82,78,80,32,"3,1",0
2025/01/31,1400 UTC,0,"1006,8","1007,1","1006,8","1170,3","28,7","24,4","29,1","27,6","25,4",24,83,76,78,1,"4,3","0,3"
2025/01/31,1500 UTC,0,"1006,2","1006,8","1006,1","879,7","28,6","24,2",29,"28,4","24,8","23,5",79,75,77,9,"6,9","0,2"
2025/01/31,1600 UTC,0,"1005,9","1006,4","1005,6","966,9","26,8","22,2","28,6","26,7","24,3","21,4",79,71,76,326,"11,8",0
2025/01/31,1700 UTC,0,1005,"1005,9",1005,"326,5","26,6",23,"27,1","26,6",23,"22,1",81,75,81,288,0,0
2025/01/31,1800 UTC,0,"1003,8",1005,"1003,8","216,5",26,"24,1","26,6","25,9","24,1","23,1",89,81,89,331,3,"0,2"
2025/01/31,1900 UTC,"0,2","1003,4","1003,8","1003,2","875,9","27,4","24,6","27,4","25,9","24,8",24,90,85,85,332,"3,7","0,1"
2025/01/31,2000 UTC,0,"1003,7","1003,7","1003,2","1264,9","27,6","23,8","28,2","27,4","24,8","23,7",85,78,80,18,5,"0,2"
2025/01/31,2100 UTC,0,"1003,6","1003,7","1003,4","293,3","27,3","24,3","27,7","27,3","24,3","23,8",84,80,84,12,"5,3",0
2025/01/31,2200 UTC,0,"1004,4","1004,4","1003,5","34,1","26,9","24,5","27,3","26,9","24,5","24,3",87,84,87,356,"2,6",0
2025/01/31,2300 UTC,"1,2",1005,"1005,1","1004,4",,26,"23,9","26,9",26,"24,6","23,9",89,87,88,16,"5,9",0